t,sensor,truth,measured,unit
0.0,lidar,5.0,5.0,м
0.05,lidar,5.0,4.97272436423915,м
0.1,lidar,5.0,5.0,м
0.15000000000000002,lidar,5.0,4.985381466750067,м
0.2,lidar,5.0,5.0,м
0.25,lidar,5.0,4.905957492940288,м
0.30000000000000004,lidar,5.0,5.0,м
0.35000000000000003,lidar,5.0,5.0,м
0.4,lidar,5.0,5.0,м
0.45,lidar,5.0,4.986159408706985,м
0.5,lidar,5.0,4.979369735779301,м
0.55,lidar,5.0,5.0,м
0.6000000000000001,lidar,5.0,4.9657788893368044,м
0.65,lidar,5.0,5.0,м
0.7000000000000001,lidar,5.0,4.843404997772496,м
0.75,lidar,5.0,5.0,м
0.8,lidar,5.0,4.961816393588107,м
0.8500000000000001,lidar,5.0,5.0,м
0.9,lidar,5.0,4.7536463812509435,м
0.9500000000000001,lidar,5.0,4.937285021492986,м
1.0,lidar,5.0,4.960708387452736,м
1.05,lidar,5.0,5.0,м
1.1,lidar,5.0,4.996909155902563,м
1.1500000000000001,lidar,5.0,4.989493089089511,м
1.2000000000000002,lidar,5.0,5.0,м
1.25,lidar,5.0,5.0,м
1.3,lidar,5.0,5.0,м
1.35,lidar,5.0,5.0,м
1.4000000000000001,lidar,5.0,5.0,м
1.4500000000000002,lidar,5.0,4.906812660877755,м
1.5,lidar,5.0,5.0,м
1.55,lidar,5.0,4.999372868746103,м
1.6,lidar,5.0,4.962180855621864,м
1.6500000000000001,lidar,5.0,5.0,м
1.7000000000000002,lidar,5.0,5.0,м
1.75,lidar,5.0,5.0,м
1.8,lidar,5.0,4.939830403718901,м
1.85,lidar,5.0,4.979667688234015,м
1.9000000000000001,lidar,5.0,4.966206985071837,м
1.9500000000000002,lidar,5.0,5.0,м
2.0,lidar,5.0,5.0,м
2.0500000000000003,lidar,5.0,5.0,м
2.1,lidar,5.0,4.807158917095234,м
2.15,lidar,5.0,5.0,м
2.2,lidar,5.0,4.94413531810439,м
2.25,lidar,5.0,5.0,м
2.3000000000000003,lidar,5.0,5.0,м
2.35,lidar,5.0,4.881785483048799,м
2.4000000000000004,lidar,5.0,4.827917724419495,м
2.45,lidar,5.0,4.933131991171092,м
2.5,lidar,5.0,5.0,м
2.5500000000000003,lidar,5.0,4.956101716634426,м
2.6,lidar,5.0,5.0,м
2.6500000000000004,lidar,5.0,5.0,м
2.7,lidar,5.0,4.761541311794255,м
2.75,lidar,5.0,5.0,м
2.8000000000000003,lidar,5.0,5.0,м
2.85,lidar,5.0,5.0,м
2.9000000000000004,lidar,5.0,4.919918026204231,м
2.95,lidar,5.0,5.0,м
3.0,lidar,5.0,5.0,м
3.0500000000000003,lidar,5.0,4.984292218777336,м
3.1,lidar,5.0,5.0,м
3.1500000000000004,lidar,5.0,4.8152341484937535,м
3.2,lidar,5.0,4.86688247844509,м
3.25,lidar,5.0,4.952066394218195,м
3.3000000000000003,lidar,5.0,5.0,м
3.35,lidar,5.0,4.933958275615866,м
3.4000000000000004,lidar,5.0,5.0,м
3.45,lidar,5.0,4.959282702372611,м
3.5,lidar,5.0,5.0,м
3.5500000000000003,lidar,5.0,4.9317998415418165,м
3.6,lidar,5.0,4.9566184550905446,м
3.6500000000000004,lidar,5.0,5.0,м
3.7,lidar,5.0,4.985701643322603,м
3.75,lidar,5.0,5.0,м
3.8000000000000003,lidar,5.0,,м
3.85,lidar,5.0,5.0,м
3.9000000000000004,lidar,5.0,4.880717325653897,м
3.95,lidar,5.0,4.967964107480271,м
4.0,lidar,5.0,4.862369545644164,м
4.05,lidar,5.0,5.0,м
4.1000000000000005,lidar,5.0,5.0,м
4.15,lidar,5.0,5.0,м
4.2,lidar,5.0,5.0,м
4.25,lidar,5.0,4.968215608449977,м
4.3,lidar,5.0,4.920906238629866,м
4.3500000000000005,lidar,5.0,4.8581380263366345,м
4.4,lidar,5.0,5.0,м
4.45,lidar,5.0,4.8667400013616655,м
4.5,lidar,5.0,5.0,м
4.55,lidar,5.0,4.940178953369582,м
4.6000000000000005,lidar,5.0,4.8816341199241124,м
4.65,lidar,5.0,5.0,м
4.7,lidar,5.0,4.743181551628779,м
4.75,lidar,5.0,4.944481190495542,м
4.800000000000001,lidar,5.0,4.90429555158437,м
4.8500000000000005,lidar,5.0,5.0,м
4.9,lidar,5.0,4.9950390583917015,м
4.95,lidar,5.0,5.0,м
5.0,lidar,5.0,4.911623052106029,м
5.050000000000001,lidar,5.0,4.968057876329754,м
5.1000000000000005,lidar,5.0,4.896597974504748,м
5.15,lidar,5.0,4.950870015014747,м
5.2,lidar,5.0,4.908326207731389,м
5.25,lidar,5.0,5.0,м
5.300000000000001,lidar,5.0,5.0,м
5.3500000000000005,lidar,5.0,,м
5.4,lidar,5.0,4.976262750904115,м
5.45,lidar,5.0,4.991461265263776,м
5.5,lidar,5.0,5.0,м
5.550000000000001,lidar,5.0,4.915780643011614,м
5.6000000000000005,lidar,5.0,5.0,м
5.65,lidar,5.0,5.0,м
5.7,lidar,5.0,5.0,м
5.75,lidar,5.0,5.0,м
5.800000000000001,lidar,5.0,5.0,м
5.8500000000000005,lidar,5.0,5.0,м
5.9,lidar,5.0,5.0,м
5.95,lidar,5.0,5.0,м
6.0,lidar,5.0,4.841229851637751,м
6.050000000000001,lidar,5.0,5.0,м
6.1000000000000005,lidar,5.0,5.0,м
6.15,lidar,5.0,5.0,м
6.2,lidar,5.0,4.874153724767547,м
6.25,lidar,5.0,5.0,м
6.300000000000001,lidar,5.0,4.932928006450257,м
6.3500000000000005,lidar,5.0,4.936860114680917,м
6.4,lidar,5.0,4.845896583680167,м
6.45,lidar,5.0,4.941202687032842,м
6.5,lidar,5.0,4.832922776689441,м
6.550000000000001,lidar,5.0,4.939209141119087,м
6.6000000000000005,lidar,5.0,5.0,м
6.65,lidar,5.0,4.861354201091256,м
6.7,lidar,5.0,4.989154896912255,м
6.75,lidar,5.0,4.84853564587323,м
6.800000000000001,lidar,5.0,4.878863023213588,м
6.8500000000000005,lidar,5.0,5.0,м
6.9,lidar,5.0,4.955391281968642,м
6.95,lidar,5.0,5.0,м
7.0,lidar,5.0,5.0,м
7.050000000000001,lidar,5.0,5.0,м
7.1000000000000005,lidar,5.0,5.0,м
7.15,lidar,5.0,5.0,м
7.2,lidar,5.0,5.0,м
7.25,lidar,5.0,4.981592041100384,м
7.300000000000001,lidar,5.0,5.0,м
7.3500000000000005,lidar,5.0,5.0,м
7.4,lidar,5.0,5.0,м
7.45,lidar,5.0,4.857474016293108,м
7.5,lidar,5.0,4.9035213776754105,м
7.550000000000001,lidar,5.0,5.0,м
7.6000000000000005,lidar,5.0,4.950699316901477,м
7.65,lidar,5.0,5.0,м
7.7,lidar,5.0,4.909320561507174,м
7.75,lidar,5.0,5.0,м
7.800000000000001,lidar,5.0,5.0,м
7.8500000000000005,lidar,5.0,4.941023284228945,м
7.9,lidar,5.0,4.876983458257173,м
7.95,lidar,5.0,4.9536622662341605,м
8.0,lidar,5.0,4.94048002111814,м
8.05,lidar,5.0,4.862432452795477,м
8.1,lidar,5.0,5.0,м
8.15,lidar,5.0,5.0,м
8.200000000000001,lidar,5.0,4.896067598506546,м
8.25,lidar,5.0,5.0,м
8.3,lidar,5.0,5.0,м
8.35,lidar,5.0,5.0,м
8.4,lidar,5.0,4.970207115697676,м
8.450000000000001,lidar,5.0,5.0,м
8.5,lidar,5.0,4.909207893189284,м
8.55,lidar,5.0,5.0,м
8.6,lidar,5.0,4.920137141254384,м
8.65,lidar,5.0,4.857329406294407,м
8.700000000000001,lidar,5.0,4.977350681293914,м
8.75,lidar,5.0,4.81193465053433,м
8.8,lidar,5.0,4.880749131760748,м
8.85,lidar,5.0,5.0,м
8.9,lidar,5.0,4.9928408418704135,м
8.950000000000001,lidar,5.0,4.954562706834988,м
9.0,lidar,5.0,4.916247037203422,м
9.05,lidar,5.0,5.0,м
9.1,lidar,5.0,4.929485474154164,м
9.15,lidar,5.0,4.895720761176395,м
9.200000000000001,lidar,5.0,4.946167532454344,м
9.25,lidar,5.0,4.909079372697624,м
9.3,lidar,5.0,5.0,м
9.35,lidar,5.0,5.0,м
9.4,lidar,5.0,4.940872729048941,м
9.450000000000001,lidar,5.0,4.836988128583743,м
9.5,lidar,5.0,5.0,м
9.55,lidar,5.0,4.7896675722663185,м
9.600000000000001,lidar,5.0,4.939042164741316,м
9.65,lidar,5.0,5.0,м
9.700000000000001,lidar,5.0,4.925290883280387,м
9.75,lidar,5.0,5.0,м
9.8,lidar,5.0,5.0,м
9.850000000000001,lidar,5.0,4.93948294597515,м
9.9,lidar,5.0,4.788562749589002,м
9.950000000000001,lidar,5.0,5.0,м
10.0,lidar,5.0,5.0,м
10.05,lidar,5.0,5.0,м
10.100000000000001,lidar,4.7783315092800365,4.719547533843641,м
10.15,lidar,4.58962594710413,4.614745003001982,м
10.200000000000001,lidar,4.471634943756365,4.378380410283146,м
10.25,lidar,4.391206374451473,4.3262823949769516,м
10.3,lidar,4.3375198071730585,4.30898823297537,м
10.350000000000001,lidar,4.306139558083855,4.4281437267200054,м
10.4,lidar,4.295729025043196,4.145637650818622,м
10.450000000000001,lidar,4.307342410128676,4.365277157760844,м
10.5,lidar,4.34508618321054,4.529218209454692,м
10.55,lidar,4.419325471077839,4.406120950165665,м
10.600000000000001,lidar,4.562468963521608,4.575311052365538,м
10.65,lidar,5.0,5.0,м
10.700000000000001,lidar,5.0,5.0,м
10.75,lidar,5.0,4.909253634558427,м
10.8,lidar,5.0,4.990861724116806,м
10.850000000000001,lidar,5.0,4.896725321800774,м
10.9,lidar,5.0,5.0,м
10.950000000000001,lidar,5.0,4.795198881351352,м
11.0,lidar,5.0,5.0,м
11.05,lidar,5.0,5.0,м
11.100000000000001,lidar,5.0,4.869126386636727,м
11.15,lidar,5.0,4.836117684125367,м
11.200000000000001,lidar,5.0,5.0,м
11.25,lidar,5.0,5.0,м
11.3,lidar,5.0,5.0,м
11.350000000000001,lidar,5.0,4.855063902874436,м
11.4,lidar,5.0,4.807621895412778,м
11.450000000000001,lidar,5.0,4.993252421825965,м
11.5,lidar,5.0,4.831545639656204,м
11.55,lidar,5.0,5.0,м
11.600000000000001,lidar,5.0,4.9763733729772905,м
11.65,lidar,5.0,5.0,м
11.700000000000001,lidar,5.0,5.0,м
11.75,lidar,5.0,5.0,м
11.8,lidar,5.0,5.0,м
11.850000000000001,lidar,5.0,4.883699958136455,м
11.9,lidar,5.0,4.865949117510114,м
11.950000000000001,lidar,5.0,4.975528848194043,м
12.0,lidar,5.0,,м
12.05,lidar,5.0,4.995158325718697,м
12.100000000000001,lidar,5.0,5.0,м
12.15,lidar,5.0,5.0,м
12.200000000000001,lidar,5.0,4.965903577209347,м
12.25,lidar,1.992067631840767,1.936662138074057,м
12.3,lidar,1.8240805729837228,1.9512443638462817,м
12.350000000000001,lidar,1.7266459056409948,1.750418024797473,м
12.4,lidar,1.6529634507074142,1.6604896905244912,м
12.450000000000001,lidar,1.592882949070641,1.5497642918808967,м
12.5,lidar,1.5420954689174478,1.5264357620133413,м
12.55,lidar,1.498298580899577,1.5699657056611998,м
12.600000000000001,lidar,1.4601045044632008,1.5921487240528298,м
12.65,lidar,1.4266172638782184,,м
12.700000000000001,lidar,1.3972379894226021,1.2416527687932775,м
12.75,lidar,1.3715652978749606,1.369025625823392,м
12.8,lidar,1.3493415158477469,1.3448566552349759,м
12.850000000000001,lidar,1.330424106097605,1.2802424434143045,м
12.9,lidar,1.3147732576257645,1.3007796505738984,м
12.950000000000001,lidar,1.3024523056081962,1.3002818523288908,м
13.0,lidar,1.2936415108514665,1.2321231896715772,м
13.05,lidar,1.2886699953964338,1.3481426811632695,м
13.100000000000001,lidar,1.2880779981733756,1.4207602745084387,м
13.15,lidar,1.2927382784366543,1.3183821816825785,м
13.200000000000001,lidar,1.3041108947291298,1.3548855873888148,м
13.25,lidar,1.3248568258783897,1.2699484073351908,м
13.3,lidar,1.3607130653962058,1.4576015207661095,м
13.350000000000001,lidar,1.429957226761497,1.3790605170545267,м
13.4,lidar,5.0,5.0,м
13.450000000000001,lidar,5.0,5.0,м
13.5,lidar,5.0,5.0,м
13.55,lidar,5.0,5.0,м
13.600000000000001,lidar,5.0,4.915200580448277,м
13.65,lidar,5.0,4.999728534483526,м
13.700000000000001,lidar,5.0,4.948095390134743,м
13.75,lidar,5.0,4.916907661908745,м
13.8,lidar,5.0,5.0,м
13.850000000000001,lidar,5.0,4.900258255746986,м
13.9,lidar,5.0,5.0,м
13.950000000000001,lidar,5.0,5.0,м
14.0,lidar,5.0,5.0,м
14.05,lidar,5.0,5.0,м
14.100000000000001,lidar,5.0,5.0,м
14.15,lidar,5.0,5.0,м
14.200000000000001,lidar,5.0,4.913744881989618,м
14.25,lidar,5.0,5.0,м
14.3,lidar,5.0,5.0,м
14.350000000000001,lidar,5.0,5.0,м
14.4,lidar,5.0,5.0,м
14.450000000000001,lidar,5.0,4.954183628355487,м
14.5,lidar,5.0,4.946047996296155,м
14.55,lidar,5.0,5.0,м
14.600000000000001,lidar,5.0,5.0,м
14.65,lidar,5.0,5.0,м
14.700000000000001,lidar,5.0,,м
14.75,lidar,5.0,5.0,м
14.8,lidar,5.0,5.0,м
14.850000000000001,lidar,5.0,4.859438349296002,м
14.9,lidar,5.0,5.0,м
14.950000000000001,lidar,5.0,4.8744550977491015,м
15.0,lidar,5.0,5.0,м
15.05,lidar,5.0,5.0,м
15.100000000000001,lidar,5.0,4.813756664609098,м
15.15,lidar,5.0,4.959735667745272,м
15.200000000000001,lidar,5.0,4.887541690306518,м
15.25,lidar,5.0,,м
15.3,lidar,5.0,4.965217268382502,м
15.350000000000001,lidar,5.0,5.0,м
15.4,lidar,5.0,4.920827006424637,м
15.450000000000001,lidar,5.0,4.817507396853068,м
15.5,lidar,5.0,4.9383187222200515,м
15.55,lidar,5.0,5.0,м
15.600000000000001,lidar,5.0,5.0,м
15.65,lidar,5.0,5.0,м
15.700000000000001,lidar,5.0,4.865656902950291,м
15.75,lidar,5.0,5.0,м
15.8,lidar,5.0,4.950263790055751,м
15.850000000000001,lidar,5.0,5.0,м
15.9,lidar,5.0,5.0,м
15.950000000000001,lidar,5.0,5.0,м
16.0,lidar,5.0,4.911182372142917,м
16.05,lidar,5.0,5.0,м
16.1,lidar,5.0,5.0,м
16.150000000000002,lidar,5.0,5.0,м
16.2,lidar,5.0,4.896687884022673,м
16.25,lidar,5.0,5.0,м
16.3,lidar,5.0,4.9193378140556785,м
16.35,lidar,5.0,5.0,м
16.400000000000002,lidar,5.0,5.0,м
16.45,lidar,5.0,4.9263622288936695,м
16.5,lidar,5.0,4.729804547882776,м
16.55,lidar,5.0,4.916615072715323,м
16.6,lidar,5.0,5.0,м
16.650000000000002,lidar,5.0,5.0,м
16.7,lidar,5.0,,м
16.75,lidar,5.0,4.942911718998158,м
16.8,lidar,5.0,5.0,м
16.85,lidar,5.0,5.0,м
16.900000000000002,lidar,5.0,5.0,м
16.95,lidar,5.0,5.0,м
17.0,lidar,5.0,4.996940868384863,м
17.05,lidar,5.0,5.0,м
17.1,lidar,5.0,5.0,м
17.150000000000002,lidar,5.0,5.0,м
17.2,lidar,5.0,5.0,м
17.25,lidar,5.0,4.939540599751064,м
17.3,lidar,5.0,5.0,м
17.35,lidar,5.0,4.895243796976777,м
17.400000000000002,lidar,5.0,5.0,м
17.45,lidar,5.0,5.0,м
17.5,lidar,5.0,5.0,м
17.55,lidar,5.0,5.0,м
17.6,lidar,5.0,5.0,м
17.650000000000002,lidar,5.0,5.0,м
17.7,lidar,5.0,4.999412498090465,м
17.75,lidar,5.0,5.0,м
17.8,lidar,5.0,4.927569387929673,м
17.85,lidar,5.0,5.0,м
17.900000000000002,lidar,5.0,5.0,м
17.95,lidar,5.0,4.935754252971402,м
18.0,lidar,5.0,4.935848336150416,м
18.05,lidar,5.0,5.0,м
18.1,lidar,5.0,5.0,м
18.150000000000002,lidar,5.0,4.9453660679580835,м
18.2,lidar,5.0,4.941099469435449,м
18.25,lidar,5.0,5.0,м
18.3,lidar,5.0,5.0,м
18.35,lidar,5.0,4.898403943046169,м
18.400000000000002,lidar,5.0,5.0,м
18.45,lidar,5.0,4.993121500039096,м
18.5,lidar,5.0,5.0,м
18.55,lidar,5.0,5.0,м
18.6,lidar,5.0,4.931246489305815,м
18.650000000000002,lidar,5.0,4.920279351386376,м
18.7,lidar,5.0,4.8739015039642375,м
18.75,lidar,5.0,5.0,м
18.8,lidar,5.0,4.839640880536698,м
18.85,lidar,5.0,4.9020570552643585,м
18.900000000000002,lidar,5.0,4.972105069938999,м
18.95,lidar,5.0,4.9064462120393495,м
19.0,lidar,5.0,5.0,м
19.05,lidar,5.0,4.906540826681318,м
19.1,lidar,5.0,4.89487964425082,м
19.150000000000002,lidar,5.0,5.0,м
19.200000000000003,lidar,5.0,5.0,м
19.25,lidar,5.0,4.995513733578927,м
19.3,lidar,5.0,5.0,м
19.35,lidar,5.0,4.8913711381391884,м
19.400000000000002,lidar,5.0,4.9433863910755464,м
19.450000000000003,lidar,5.0,4.953096155008986,м
19.5,lidar,5.0,5.0,м
19.55,lidar,5.0,4.961515516506542,м
19.6,lidar,5.0,4.964696591936452,м
19.650000000000002,lidar,5.0,4.8696902660297186,м
19.700000000000003,lidar,5.0,4.991984308202249,м
19.75,lidar,5.0,4.8890548993397305,м
19.8,lidar,5.0,5.0,м
19.85,lidar,5.0,5.0,м
19.900000000000002,lidar,5.0,5.0,м
19.950000000000003,lidar,5.0,4.924875301769436,м
20.0,lidar,5.0,4.98916180653687,м
20.05,lidar,5.0,5.0,м
20.1,lidar,5.0,4.84886573329472,м
20.150000000000002,lidar,5.0,4.963464439154698,м
20.200000000000003,lidar,5.0,4.909305971746282,м
20.25,lidar,5.0,4.941778363797656,м
20.3,lidar,5.0,5.0,м
20.35,lidar,5.0,5.0,м
20.400000000000002,lidar,5.0,4.968280151100624,м
20.450000000000003,lidar,5.0,4.981940095890719,м
20.5,lidar,5.0,5.0,м
20.55,lidar,5.0,5.0,м
20.6,lidar,5.0,5.0,м
20.650000000000002,lidar,5.0,5.0,м
20.700000000000003,lidar,5.0,4.9304235734994295,м
20.75,lidar,5.0,5.0,м
20.8,lidar,5.0,5.0,м
20.85,lidar,5.0,4.92390483093409,м
20.900000000000002,lidar,5.0,4.825628528997744,м
20.950000000000003,lidar,5.0,4.951257030510832,м
21.0,lidar,5.0,4.957873747517247,м
21.05,lidar,5.0,4.99481217069914,м
21.1,lidar,5.0,,м
21.150000000000002,lidar,5.0,,м
21.200000000000003,lidar,5.0,4.856257211611712,м
21.25,lidar,5.0,5.0,м
21.3,lidar,5.0,4.91309645455965,м
21.35,lidar,5.0,4.831012994559362,м
21.400000000000002,lidar,5.0,5.0,м
21.450000000000003,lidar,5.0,5.0,м
21.5,lidar,5.0,5.0,м
21.55,lidar,5.0,4.966553311659242,м
21.6,lidar,5.0,5.0,м
21.650000000000002,lidar,5.0,5.0,м
21.700000000000003,lidar,5.0,5.0,м
21.75,lidar,5.0,4.933112669342784,м
21.8,lidar,5.0,4.996014794301816,м
21.85,lidar,5.0,5.0,м
21.900000000000002,lidar,5.0,4.861254330344286,м
21.950000000000003,lidar,5.0,4.909142710828821,м
22.0,lidar,5.0,4.915727423620271,м
22.05,lidar,5.0,4.979239081968486,м
22.1,lidar,5.0,5.0,м
22.150000000000002,lidar,5.0,5.0,м
22.200000000000003,lidar,5.0,4.987958639212069,м
22.25,lidar,5.0,5.0,м
22.3,lidar,5.0,4.957202134488204,м
22.35,lidar,5.0,4.999562210341269,м
22.400000000000002,lidar,5.0,4.965928598581967,м
22.450000000000003,lidar,5.0,5.0,м
22.5,lidar,5.0,4.909810349918825,м
22.55,lidar,5.0,5.0,м
22.6,lidar,5.0,5.0,м
22.650000000000002,lidar,5.0,5.0,м
22.700000000000003,lidar,5.0,4.952511928638988,м
22.75,lidar,5.0,5.0,м
22.8,lidar,5.0,4.924039897749922,м
22.85,lidar,5.0,5.0,м
22.900000000000002,lidar,5.0,5.0,м
22.950000000000003,lidar,5.0,4.8859955050610155,м
23.0,lidar,5.0,4.925678639606757,м
23.05,lidar,5.0,5.0,м
23.1,lidar,5.0,4.99357558324039,м
23.150000000000002,lidar,5.0,4.819506472191696,м
23.200000000000003,lidar,5.0,4.88960390815664,м
23.25,lidar,5.0,5.0,м
23.3,lidar,5.0,5.0,м
23.35,lidar,5.0,4.712827284015356,м
23.400000000000002,lidar,5.0,5.0,м
23.450000000000003,lidar,5.0,4.891769189062912,м
23.5,lidar,5.0,4.985664076385518,м
23.55,lidar,5.0,4.994000241759219,м
23.6,lidar,5.0,5.0,м
23.650000000000002,lidar,5.0,5.0,м
23.700000000000003,lidar,5.0,4.93988805918312,м
23.75,lidar,5.0,4.934890751067873,м
23.8,lidar,5.0,4.998304314259471,м
23.85,lidar,5.0,5.0,м
23.900000000000002,lidar,5.0,4.996104004689712,м
23.950000000000003,lidar,5.0,5.0,м
24.0,lidar,5.0,5.0,м
24.05,lidar,5.0,5.0,м
24.1,lidar,5.0,5.0,м
24.150000000000002,lidar,5.0,5.0,м
24.200000000000003,lidar,5.0,5.0,м
24.25,lidar,5.0,5.0,м
24.3,lidar,5.0,4.909796442221205,м
24.35,lidar,5.0,5.0,м
24.400000000000002,lidar,5.0,5.0,м
24.450000000000003,lidar,5.0,5.0,м
24.5,lidar,5.0,4.944621813571529,м
24.55,lidar,5.0,4.945369576534809,м
24.6,lidar,5.0,5.0,м
24.650000000000002,lidar,5.0,4.956615722744308,м
24.700000000000003,lidar,5.0,5.0,м
24.75,lidar,5.0,5.0,м
24.8,lidar,5.0,4.949615319017592,м
24.85,lidar,5.0,5.0,м
24.900000000000002,lidar,5.0,5.0,м
24.950000000000003,lidar,5.0,5.0,м
25.0,lidar,5.0,5.0,м
25.05,lidar,5.0,4.906558831581867,м
25.1,lidar,5.0,5.0,м
25.150000000000002,lidar,5.0,4.936058530407238,м
25.200000000000003,lidar,5.0,4.975267645401608,м
25.25,lidar,4.837787001822042,4.804309220600896,м
25.3,lidar,4.7691812053454505,4.607372856571569,м
25.35,lidar,4.765577539917841,4.742295862154703,м
25.400000000000002,lidar,4.835931026574575,4.833175405988888,м
25.450000000000003,lidar,5.0,4.946916681484728,м
25.5,lidar,5.0,4.90078493140581,м
25.55,lidar,5.0,5.0,м
25.6,lidar,5.0,4.9897354269333,м
25.650000000000002,lidar,5.0,5.0,м
25.700000000000003,lidar,5.0,4.8764540412288975,м
25.75,lidar,5.0,4.8688935001893245,м
25.8,lidar,5.0,4.999277136820087,м
25.85,lidar,5.0,5.0,м
25.900000000000002,lidar,5.0,4.783805503149357,м
25.950000000000003,lidar,5.0,4.933115926611992,м
26.0,lidar,5.0,5.0,м
26.05,lidar,5.0,4.985655538468783,м
26.1,lidar,5.0,5.0,м
26.150000000000002,lidar,5.0,4.822618161752358,м
26.200000000000003,lidar,5.0,4.772103687935945,м
26.25,lidar,5.0,5.0,м
26.3,lidar,5.0,4.98930028122497,м
26.35,lidar,4.343145438965518,4.458157002848681,м
26.400000000000002,lidar,4.136344986480597,4.073400377539761,м
26.450000000000003,lidar,4.033310992050914,4.083543352280549,м
26.5,lidar,3.98009595429851,4.10829784573773,м
26.55,lidar,3.965529238579022,3.9743400309238535,м
26.6,lidar,3.9905173058971175,3.800033886170485,м
26.650000000000002,lidar,4.069968333002201,4.1538922444064115,м
26.700000000000003,lidar,4.296278625606239,4.2193233651605695,м
26.75,lidar,5.0,5.0,м
26.8,lidar,5.0,5.0,м
26.85,lidar,5.0,5.0,м
26.900000000000002,lidar,5.0,4.893601234586529,м
26.950000000000003,lidar,5.0,5.0,м
27.0,lidar,5.0,4.847423805985778,м
27.05,lidar,5.0,5.0,м
27.1,lidar,5.0,4.924487938089239,м
27.150000000000002,lidar,5.0,5.0,м
27.200000000000003,lidar,5.0,5.0,м
27.25,lidar,5.0,5.0,м
27.3,lidar,5.0,5.0,м
27.35,lidar,5.0,5.0,м
27.400000000000002,lidar,5.0,5.0,м
27.450000000000003,lidar,5.0,4.980805250068384,м
27.5,lidar,5.0,4.9969565844803565,м
27.55,lidar,5.0,5.0,м
27.6,lidar,5.0,5.0,м
27.650000000000002,lidar,5.0,4.982467609878703,м
27.700000000000003,lidar,5.0,5.0,м
27.75,lidar,5.0,5.0,м
27.8,lidar,5.0,4.976217230718365,м
27.85,lidar,5.0,4.994328891350991,м
27.900000000000002,lidar,5.0,5.0,м
27.950000000000003,lidar,5.0,4.830795098419828,м
28.0,lidar,5.0,4.9618154626932265,м
28.05,lidar,5.0,5.0,м
28.1,lidar,5.0,4.7988015226226,м
28.150000000000002,lidar,5.0,5.0,м
28.200000000000003,lidar,5.0,4.887226974231326,м
28.25,lidar,5.0,5.0,м
28.3,lidar,5.0,5.0,м
28.35,lidar,5.0,5.0,м
28.400000000000002,lidar,5.0,4.962710399350601,м
28.450000000000003,lidar,5.0,4.959000047673027,м
28.5,lidar,5.0,5.0,м
28.55,lidar,5.0,5.0,м
28.6,lidar,5.0,5.0,м
28.650000000000002,lidar,5.0,4.889333235339232,м
28.700000000000003,lidar,5.0,5.0,м
28.75,lidar,5.0,5.0,м
28.8,lidar,5.0,5.0,м
28.85,lidar,5.0,4.824533217756813,м
28.900000000000002,lidar,5.0,4.826905335808479,м
28.950000000000003,lidar,5.0,5.0,м
29.0,lidar,5.0,5.0,м
29.05,lidar,5.0,5.0,м
29.1,lidar,5.0,5.0,м
29.150000000000002,lidar,5.0,4.916455423717722,м
29.200000000000003,lidar,5.0,5.0,м
29.25,lidar,5.0,4.920136341740967,м
29.3,lidar,5.0,5.0,м
29.35,lidar,5.0,4.953478471866911,м
29.400000000000002,lidar,5.0,4.932049737211584,м
29.450000000000003,lidar,5.0,5.0,м
29.5,lidar,5.0,,м
29.55,lidar,5.0,4.975103324323495,м
29.6,lidar,5.0,4.884732665572579,м
29.650000000000002,lidar,5.0,4.879478083992398,м
29.700000000000003,lidar,5.0,5.0,м
29.75,lidar,5.0,5.0,м
29.8,lidar,5.0,4.835101649469331,м
29.85,lidar,5.0,4.964682551527993,м
29.900000000000002,lidar,5.0,5.0,м
29.950000000000003,lidar,5.0,4.96517772899336,м
30.0,lidar,5.0,5.0,м
30.05,lidar,5.0,5.0,м
30.1,lidar,5.0,5.0,м
30.150000000000002,lidar,5.0,5.0,м
30.200000000000003,lidar,5.0,4.953366444370316,м
30.25,lidar,5.0,4.990479195431536,м
30.3,lidar,5.0,5.0,м
30.35,lidar,5.0,4.913924096245997,м
30.400000000000002,lidar,5.0,4.946833491289862,м
30.450000000000003,lidar,5.0,5.0,м
30.5,lidar,5.0,4.9327084580420015,м
30.55,lidar,5.0,4.994349358973216,м
30.6,lidar,5.0,4.88629247842468,м
30.650000000000002,lidar,5.0,4.935251929868027,м
30.700000000000003,lidar,5.0,4.991614216245616,м
30.75,lidar,5.0,4.902189955180781,м
30.8,lidar,5.0,4.965833076149494,м
30.85,lidar,5.0,4.880279223475444,м
30.900000000000002,lidar,5.0,4.92853339690228,м
30.950000000000003,lidar,5.0,4.98094932013634,м
31.0,lidar,5.0,4.901935751091411,м
31.05,lidar,5.0,5.0,м
31.1,lidar,5.0,5.0,м
31.150000000000002,lidar,5.0,5.0,м
31.200000000000003,lidar,5.0,5.0,м
31.25,lidar,5.0,5.0,м
31.3,lidar,5.0,4.993132628547509,м
31.35,lidar,5.0,5.0,м
31.400000000000002,lidar,5.0,4.957295054121032,м
31.450000000000003,lidar,5.0,5.0,м
31.5,lidar,5.0,4.918029445322924,м
31.55,lidar,5.0,5.0,м
31.6,lidar,5.0,4.994201696531556,м
31.650000000000002,lidar,5.0,5.0,м
31.700000000000003,lidar,5.0,5.0,м
31.75,lidar,5.0,5.0,м
31.8,lidar,5.0,5.0,м
31.85,lidar,5.0,4.996589158126597,м
31.900000000000002,lidar,5.0,5.0,м
31.950000000000003,lidar,5.0,4.97196249166606,м
32.0,lidar,5.0,5.0,м
32.050000000000004,lidar,5.0,5.0,м
32.1,lidar,5.0,5.0,м
32.15,lidar,5.0,5.0,м
32.2,lidar,5.0,5.0,м
32.25,lidar,5.0,5.0,м
32.300000000000004,lidar,5.0,4.977847344835444,м
32.35,lidar,5.0,4.965839162108985,м
32.4,lidar,5.0,4.984482608727492,м
32.45,lidar,5.0,5.0,м
32.5,lidar,5.0,4.8544541012076206,м
32.550000000000004,lidar,5.0,5.0,м
32.6,lidar,5.0,4.95346799632682,м
32.65,lidar,5.0,4.953213857366114,м
32.7,lidar,5.0,5.0,м
32.75,lidar,5.0,5.0,м
32.800000000000004,lidar,5.0,5.0,м
32.85,lidar,5.0,5.0,м
32.9,lidar,5.0,4.910204811625304,м
32.95,lidar,5.0,5.0,м
33.0,lidar,5.0,4.949153890914649,м
33.050000000000004,lidar,5.0,4.866180193068288,м
33.1,lidar,5.0,4.982359122967676,м
33.15,lidar,5.0,4.98456464435977,м
33.2,lidar,5.0,4.975802273386818,м
33.25,lidar,5.0,5.0,м
33.300000000000004,lidar,5.0,5.0,м
33.35,lidar,5.0,5.0,м
33.4,lidar,5.0,4.925597669494944,м
33.45,lidar,5.0,4.7759083065246495,м
33.5,lidar,5.0,5.0,м
33.550000000000004,lidar,5.0,4.781952459635659,м
33.6,lidar,5.0,4.961675167513736,м
33.65,lidar,5.0,4.877276005062116,м
33.7,lidar,5.0,5.0,м
33.75,lidar,5.0,4.84490322882621,м
33.800000000000004,lidar,5.0,5.0,м
33.85,lidar,5.0,4.967199481776951,м
33.9,lidar,5.0,4.984211811233492,м
33.95,lidar,5.0,4.956156582396947,м
34.0,lidar,5.0,5.0,м
34.050000000000004,lidar,5.0,4.971012530391283,м
34.1,lidar,5.0,4.9528353243857275,м
34.15,lidar,5.0,5.0,м
34.2,lidar,5.0,5.0,м
34.25,lidar,5.0,5.0,м
34.300000000000004,lidar,5.0,5.0,м
34.35,lidar,5.0,4.968371360515892,м
34.4,lidar,5.0,5.0,м
34.45,lidar,5.0,4.961283717301809,м
34.5,lidar,5.0,4.95879777001085,м
34.550000000000004,lidar,5.0,5.0,м
34.6,lidar,5.0,5.0,м
34.65,lidar,5.0,4.87497442381352,м
34.7,lidar,5.0,4.883052172093992,м
34.75,lidar,5.0,4.917557543477989,м
34.800000000000004,lidar,5.0,5.0,м
34.85,lidar,5.0,5.0,м
34.9,lidar,5.0,4.969593696390047,м
34.95,lidar,5.0,4.8763077894294575,м
35.0,lidar,5.0,,м
35.050000000000004,lidar,5.0,4.997638412938939,м
35.1,lidar,5.0,4.982481584346366,м
35.15,lidar,5.0,4.899677072351826,м
35.2,lidar,5.0,4.95728715315925,м
35.25,lidar,5.0,5.0,м
35.300000000000004,lidar,5.0,4.844194723925461,м
35.35,lidar,5.0,4.978269556017623,м
35.4,lidar,5.0,4.965891796181129,м
35.45,lidar,5.0,4.914264933950896,м
35.5,lidar,5.0,5.0,м
35.550000000000004,lidar,5.0,4.967723963869401,м
35.6,lidar,5.0,,м
35.65,lidar,5.0,5.0,м
35.7,lidar,5.0,4.984063948745957,м
35.75,lidar,5.0,4.978761276055755,м
35.800000000000004,lidar,5.0,5.0,м
35.85,lidar,5.0,5.0,м
35.9,lidar,5.0,5.0,м
35.95,lidar,5.0,5.0,м
36.0,lidar,5.0,4.992994961931853,м
36.050000000000004,lidar,5.0,5.0,м
36.1,lidar,5.0,5.0,м
36.15,lidar,5.0,4.817242567490997,м
36.2,lidar,5.0,5.0,м
36.25,lidar,5.0,4.943849045246257,м
36.300000000000004,lidar,5.0,4.912622026634729,м
36.35,lidar,5.0,4.971717975577109,м
36.4,lidar,5.0,4.732696301933239,м
36.45,lidar,5.0,4.965468280681825,м
36.5,lidar,5.0,4.920194873436225,м
36.550000000000004,lidar,5.0,4.820261849186049,м
36.6,lidar,5.0,4.996273065440775,м
36.65,lidar,5.0,4.884392865973139,м
36.7,lidar,5.0,5.0,м
36.75,lidar,5.0,4.978701095392311,м
36.800000000000004,lidar,5.0,4.824792891490667,м
36.85,lidar,5.0,4.8188633951755335,м
36.9,lidar,5.0,5.0,м
36.95,lidar,5.0,5.0,м
37.0,lidar,5.0,4.956347011866072,м
37.050000000000004,lidar,5.0,4.96579354476453,м
37.1,lidar,5.0,5.0,м
37.15,lidar,5.0,,м
37.2,lidar,5.0,4.976221461094911,м
37.25,lidar,5.0,5.0,м
37.300000000000004,lidar,5.0,5.0,м
37.35,lidar,5.0,5.0,м
37.4,lidar,5.0,4.8964601308770765,м
37.45,lidar,5.0,4.902814056174749,м
37.5,lidar,5.0,4.936436715634353,м
37.550000000000004,lidar,5.0,5.0,м
37.6,lidar,5.0,5.0,м
37.65,lidar,5.0,4.897795957708756,м
37.7,lidar,5.0,5.0,м
37.75,lidar,5.0,,м
37.800000000000004,lidar,5.0,5.0,м
37.85,lidar,5.0,4.992402734107362,м
37.9,lidar,5.0,5.0,м
37.95,lidar,5.0,4.874063282358278,м
38.0,lidar,5.0,,м
38.050000000000004,lidar,5.0,4.805389432352293,м
38.1,lidar,5.0,5.0,м
38.15,lidar,5.0,5.0,м
38.2,lidar,5.0,5.0,м
38.25,lidar,5.0,4.909799370674243,м
38.300000000000004,lidar,5.0,4.909907386401099,м
38.35,lidar,5.0,5.0,м
38.400000000000006,lidar,5.0,5.0,м
38.45,lidar,5.0,4.926149965947396,м
38.5,lidar,5.0,4.976036807580911,м
38.550000000000004,lidar,5.0,4.868115031124439,м
38.6,lidar,5.0,5.0,м
38.650000000000006,lidar,5.0,4.985702010615428,м
38.7,lidar,5.0,5.0,м
38.75,lidar,5.0,4.862189945971679,м
38.800000000000004,lidar,5.0,4.782899090389569,м
38.85,lidar,5.0,5.0,м
38.900000000000006,lidar,5.0,5.0,м
38.95,lidar,5.0,5.0,м
39.0,lidar,5.0,5.0,м
39.050000000000004,lidar,5.0,4.981780174108214,м
39.1,lidar,5.0,4.925127917567443,м
39.150000000000006,lidar,5.0,5.0,м
39.2,lidar,5.0,4.948898247313559,м
39.25,lidar,5.0,4.761000572470611,м
39.300000000000004,lidar,5.0,4.9816866358706635,м
39.35,lidar,5.0,5.0,м
39.400000000000006,lidar,5.0,4.971535532229373,м
39.45,lidar,5.0,4.925032731874326,м
39.5,lidar,5.0,4.945986602839309,м
39.550000000000004,lidar,5.0,5.0,м
39.6,lidar,5.0,5.0,м
39.650000000000006,lidar,5.0,4.943311586756624,м
39.7,lidar,5.0,5.0,м
39.75,lidar,5.0,4.8403231364210795,м
39.800000000000004,lidar,5.0,4.922211992365702,м
39.85,lidar,5.0,4.957685961409033,м
39.900000000000006,lidar,5.0,5.0,м
39.95,lidar,5.0,4.980195044839055,м
