device_id,seq,timestamp,sensor,value,t_rx,delay
robot01,1,0.0,lidar,5.0,0.01062337874675885,0.01062337874675885
robot01,2,0.05,lidar,4.972724,0.05704376524477101,0.007043765244771009
robot01,3,0.1,lidar,5.0,0.10628289858850003,0.006282898588500026
robot01,4,0.15,lidar,4.985381,0.1581712021498172,0.008171202149817211
robot01,5,0.2,lidar,5.0,0.20852698903293687,0.008526989032936869
robot01,6,0.25,lidar,4.905957,0.25975234727832175,0.009752347278321721
robot01,7,0.3,lidar,5.0,0.3141935346835486,0.014193534683548614
robot01,9,0.4,lidar,5.0,0.4059175213243174,0.0059175213243173866
robot01,10,0.45,lidar,4.986159,0.45701293962767287,0.007012939627672837
robot01,11,0.5,lidar,4.97937,0.5068339973276387,0.006833997327638686
robot01,12,0.55,lidar,5.0,0.5592377721795766,0.009237772179576536
robot01,13,0.6,lidar,4.965779,0.6050175135253841,0.005017513525384135
robot01,14,0.65,lidar,5.0,0.6570077066151208,0.007007706615120776
robot01,15,0.7,lidar,4.843405,0.7080389113759242,0.008038911375924268
robot01,16,0.75,lidar,5.0,0.7608878390767244,0.01088783907672443
robot01,17,0.8,lidar,4.961816,0.8072142882797989,0.007214288279798891
robot01,18,0.85,lidar,5.0,0.8565288849391615,0.0065288849391614626
robot01,19,0.9,lidar,4.753646,0.9146398947316903,0.014639894731690258
robot01,20,0.95,lidar,4.937285,0.9593614348703273,0.009361434870327416
robot01,21,1.0,lidar,4.960708,1.006916688989112,0.006916688989111892
robot01,22,1.05,lidar,5.0,1.0576875046650411,0.007687504665041008
robot01,23,1.1,lidar,4.996909,1.1124512748419428,0.012451274841942826
robot01,24,1.15,lidar,4.989493,1.157018946871033,0.007018946871033004
robot01,25,1.2,lidar,5.0,1.2073500910875858,0.007350091087585844
robot01,26,1.25,lidar,5.0,1.2576375340118466,0.007637534011846622
robot01,27,1.3,lidar,5.0,1.305309726143373,0.005309726143373054
robot01,28,1.35,lidar,5.0,1.3578110337065075,0.007811033706507334
robot01,29,1.4,lidar,5.0,1.408206526294029,0.008206526294029085
robot01,30,1.45,lidar,4.906813,1.4594061898804997,0.009406189880499866
robot01,31,1.5,lidar,5.0,1.5117183180243978,0.01171831802439783
robot01,32,1.55,lidar,4.999373,1.5563382309980789,0.006338230998078848
robot01,33,1.6,lidar,4.962181,1.6076195155696862,0.007619515569685993
robot01,34,1.65,lidar,5.0,1.6577407474480694,0.0077407474480695754
robot01,36,1.75,lidar,5.0,1.756012275250195,0.006012275250194909
robot01,37,1.8,lidar,4.93983,1.8123502214677374,0.012350221467737413
robot01,38,1.85,lidar,4.979668,1.858267232526534,0.00826723252653373
robot01,39,1.9,lidar,4.966207,1.9077616164124407,0.007761616412440691
robot01,40,1.95,lidar,5.0,1.959084380838563,0.009084380838563102
robot01,41,2.0,lidar,5.0,2.0083086155700824,0.008308615570082382
robot01,42,2.05,lidar,5.0,2.062186840905487,0.012186840905487162
robot01,43,2.1,lidar,4.807159,2.107282343631137,0.00728234363113669
robot01,44,2.15,lidar,5.0,2.1557085545621235,0.005708554562123756
robot01,45,2.2,lidar,4.944135,2.205498178992539,0.005498178992538897
robot01,46,2.25,lidar,5.0,2.288179755330896,0.03817975533089614
robot01,47,2.3,lidar,5.0,2.313456733968453,0.013456733968453424
robot01,48,2.35,lidar,4.881785,2.355151691560116,0.005151691560115812
robot01,50,2.45,lidar,4.933132,2.4550233884765382,0.005023388476538194
robot01,51,2.5,lidar,5.0,2.5081144934181845,0.008114493418184654
robot01,52,2.55,lidar,4.956102,2.556075483891621,0.0060754838916212426
robot01,53,2.6,lidar,5.0,2.6060946572860364,0.006094657286036306
robot01,54,2.65,lidar,5.0,2.6561391362649034,0.006139136264903391
robot01,56,2.75,lidar,5.0,2.762869799919743,0.012869799919743293
robot01,57,2.8,lidar,5.0,2.805603025727995,0.0056030257279950976
robot01,59,2.9,lidar,4.919918,2.9075487467646943,0.0075487467646944235
robot01,60,2.95,lidar,5.0,2.9581922817680844,0.008192281768084331
robot01,61,3.0,lidar,5.0,3.0056174394923234,0.005617439492323258
robot01,62,3.05,lidar,4.984292,3.059675948662476,0.009675948662476423
robot01,63,3.1,lidar,5.0,3.107619361068474,0.007619361068473796
robot01,64,3.15,lidar,4.815234,3.160383103284235,0.01038310328423479
robot01,65,3.2,lidar,4.866882,3.2051447091550958,0.005144709155095779
robot01,66,3.25,lidar,4.952066,3.257186183521083,0.007186183521083012
robot01,67,3.3,lidar,5.0,3.3193881534364995,0.01938815343649963
robot01,68,3.35,lidar,4.933958,3.3582849950661564,0.008284995066156165
robot01,69,3.4,lidar,5.0,3.409124816269212,0.009124816269212278
robot01,70,3.45,lidar,4.959283,3.4587816606456894,0.00878166064568923
robot01,71,3.5,lidar,5.0,3.5107113762471056,0.010711376247105428
robot01,72,3.55,lidar,4.9318,3.557609104050142,0.007609104050142453
robot01,73,3.6,lidar,4.956618,3.6071074863645265,0.007107486364526577
robot01,74,3.65,lidar,5.0,3.6552588637618357,0.0052588637618356865
robot01,75,3.7,lidar,4.985702,3.7107764894408573,0.010776489440857283
robot01,76,3.75,lidar,5.0,3.7562570672633555,0.006257067263355495
robot01,77,3.8,lidar,,3.8148202663366635,0.014820266336663796
robot01,78,3.85,lidar,5.0,3.8559679117684076,0.0059679117684075
robot01,79,3.9,lidar,4.880717,3.912808506633968,0.012808506633968347
robot01,80,3.95,lidar,4.967964,3.9561231625166786,0.0061231625166785165
robot01,81,4.0,lidar,4.86237,4.005055091986972,0.005055091986972006
robot01,82,4.05,lidar,5.0,4.060998175910326,0.010998175910326285
robot01,84,4.15,lidar,5.0,4.155662064419861,0.005662064419860848
robot01,85,4.2,lidar,5.0,4.206779162475878,0.006779162475877598
robot01,86,4.25,lidar,4.968216,4.257099675647342,0.007099675647341987
robot01,87,4.3,lidar,4.920906,4.308431844888338,0.008431844888338206
robot01,88,4.35,lidar,4.858138,4.356169034205386,0.006169034205386122
robot01,89,4.4,lidar,5.0,4.408725537968944,0.008725537968943096
robot01,90,4.45,lidar,4.86674,4.455346100594062,0.005346100594062479
robot01,92,4.55,lidar,4.940179,4.556148361126004,0.006148361126004628
robot01,93,4.6,lidar,4.881634,4.607318967949587,0.0073189679495881685
robot01,94,4.65,lidar,5.0,4.655285248629199,0.005285248629199027
robot01,95,4.7,lidar,4.743182,4.70521965489994,0.005219654899939958
robot01,96,4.75,lidar,4.944481,4.764411252741117,0.014411252741117014
robot01,97,4.8,lidar,4.904296,4.80824038932619,0.008240389326190199
robot01,98,4.85,lidar,5.0,4.862684705717615,0.012684705717615322
robot01,99,4.9,lidar,4.995039,4.910698371134308,0.010698371134307673
robot01,100,4.95,lidar,5.0,4.9584886688683465,0.008488668868346488
robot01,101,5.0,lidar,4.911623,5.007449132361569,0.007449132361569224
robot01,102,5.05,lidar,4.968058,5.057253197568687,0.007253197568687548
robot01,103,5.1,lidar,4.896598,5.1066448791225625,0.006644879122562992
robot01,104,5.15,lidar,4.95087,5.155835987083182,0.005835987083182044
robot01,105,5.2,lidar,4.908326,5.220843803460916,0.020843803460915737
robot01,106,5.25,lidar,5.0,5.255950992163467,0.005950992163467363
robot01,107,5.3,lidar,5.0,5.305359261705766,0.00535926170576561
robot01,108,5.35,lidar,,5.357805977053837,0.007805977053837579
robot01,110,5.45,lidar,4.991461,5.4565761719230474,0.006576171923047144
robot01,111,5.5,lidar,5.0,5.5149886648684445,0.014988664868444568
robot01,112,5.55,lidar,4.915781,5.556746602787713,0.006746602787713082
robot01,113,5.6,lidar,5.0,5.616714317252605,0.016714317252605276
robot01,115,5.7,lidar,5.0,5.7062861868408445,0.006286186840844772
robot01,116,5.75,lidar,5.0,5.760127668607285,0.010127668607285254
robot01,117,5.8,lidar,5.0,5.8079351093080875,0.007935109308087766
robot01,118,5.85,lidar,5.0,5.858316284862979,0.008316284862978897
robot01,119,5.9,lidar,5.0,5.90823506647307,0.008235066473069855
robot01,120,5.95,lidar,5.0,5.9608353622107835,0.010835362210783166
robot01,122,6.05,lidar,5.0,6.062830428166102,0.012830428166101842
robot01,123,6.1,lidar,5.0,6.11220451058869,0.01220451058868982
robot01,124,6.15,lidar,5.0,6.173063083788663,0.023063083788663064
robot01,125,6.2,lidar,4.874154,6.205156275650051,0.005156275650050799
robot01,126,6.25,lidar,5.0,6.255893062571202,0.005893062571201619
robot01,127,6.3,lidar,4.932928,6.3053762561990965,0.0053762561990963985
robot01,128,6.35,lidar,4.93686,6.359426882499714,0.009426882499714134
robot01,129,6.4,lidar,4.845897,6.406705703425182,0.006705703425181005
robot01,130,6.45,lidar,4.941203,6.456993165444272,0.006993165444272045
robot01,131,6.5,lidar,4.832923,6.506652194883268,0.006652194883267669
robot01,132,6.55,lidar,4.939209,6.5592626915390575,0.009262691539057663
robot01,133,6.6,lidar,5.0,6.607352207591112,0.007352207591112434
robot01,134,6.65,lidar,4.861354,6.665529422106205,0.015529422106204817
robot01,135,6.7,lidar,4.989155,6.710404415255362,0.010404415255361914
robot01,136,6.75,lidar,4.848536,6.759401132803858,0.0094011328038579
robot01,137,6.8,lidar,4.878863,6.814195590289831,0.014195590289831639
robot01,138,6.85,lidar,5.0,6.8650068532633455,0.015006853263346165
robot01,139,6.9,lidar,4.955391,6.9056340115397035,0.005634011539703523
robot01,140,6.95,lidar,5.0,6.956802461810152,0.006802461810150993
robot01,141,7.0,lidar,5.0,7.009266847145465,0.009266847145465308
robot01,142,7.05,lidar,5.0,7.058162065383084,0.008162065383083913
robot01,143,7.1,lidar,5.0,7.10633159438493,0.006331594384930462
robot01,144,7.15,lidar,5.0,7.15961722934421,0.00961722934421027
robot01,145,7.2,lidar,5.0,7.206875006590797,0.0068750065907972275
robot01,146,7.25,lidar,4.981592,7.255699422299135,0.005699422299135017
robot01,147,7.3,lidar,5.0,7.307800753243284,0.007800753243284282
robot01,148,7.35,lidar,5.0,7.364074950030223,0.014074950030223715
robot01,149,7.4,lidar,5.0,7.4090688509165465,0.009068850916546077
robot01,150,7.45,lidar,4.857474,7.46877670983931,0.018776709839309475
robot01,151,7.5,lidar,4.903521,7.510444987119712,0.01044498711971167
robot01,152,7.55,lidar,5.0,7.563236723082635,0.0132367230826354
robot01,153,7.6,lidar,4.950699,7.607479460632371,0.007479460632371473
robot01,154,7.65,lidar,5.0,7.660069866039148,0.010069866039147453
robot01,155,7.7,lidar,4.909321,7.7061836432901405,0.006183643290139945
robot01,156,7.75,lidar,5.0,7.765089694407688,0.015089694407687957
robot01,158,7.85,lidar,4.941023,7.8575895749348055,0.007589574934805552
robot01,159,7.9,lidar,4.876983,7.905015835969023,0.005015835969022161
robot01,160,7.95,lidar,4.953662,7.965831345862108,0.015831345862108204
robot01,161,8.0,lidar,4.94048,8.011109225479386,0.011109225479385428
robot01,162,8.05,lidar,4.862432,8.061889298209376,0.011889298209375138
robot01,163,8.1,lidar,5.0,8.105049807016874,0.0050498070168737245
robot01,164,8.15,lidar,5.0,8.155733567531692,0.005733567531692578
robot01,165,8.2,lidar,4.896068,8.207610881715816,0.007610881715816779
robot01,166,8.25,lidar,5.0,8.258766853209936,0.008766853209935761
robot01,167,8.3,lidar,5.0,8.305907816011574,0.00590781601157391
robot01,168,8.35,lidar,5.0,8.362978853850551,0.012978853850552117
robot01,169,8.4,lidar,4.970207,8.406849482128676,0.006849482128675426
robot01,170,8.45,lidar,5.0,8.455973538408934,0.005973538408933758
robot01,171,8.5,lidar,4.909208,8.50556008710195,0.00556008710194985
robot01,172,8.55,lidar,5.0,8.555330249820985,0.005330249820984101
robot01,173,8.6,lidar,4.920137,8.617944354453115,0.01794435445311618
robot01,174,8.65,lidar,4.857329,8.659223719658119,0.00922371965811791
robot01,175,8.7,lidar,4.977351,8.718293421787518,0.018293421787519085
robot01,176,8.75,lidar,4.811935,8.75555006974714,0.005550069747138319
robot01,177,8.8,lidar,4.880749,8.807012350248803,0.0070123502488012345
robot01,178,8.85,lidar,5.0,8.862811159302213,0.012811159302212993
robot01,179,8.9,lidar,4.992841,8.910729063328736,0.010729063328735461
robot01,180,8.95,lidar,4.954563,8.955912868827687,0.005912868827686934
robot01,181,9.0,lidar,4.916247,9.010405339785375,0.010405339785375622
robot01,182,9.05,lidar,5.0,9.069406886440586,0.019406886440584973
robot01,183,9.1,lidar,4.929485,9.106922355940597,0.0069223559405979145
robot01,184,9.15,lidar,4.895721,9.156005723543007,0.006005723543007732
robot01,185,9.2,lidar,4.946168,9.205255044793802,0.0052550447938030645
robot01,186,9.25,lidar,4.909079,9.257109091930065,0.007109091930065203
robot01,187,9.3,lidar,5.0,9.306229914286178,0.006229914286176842
robot01,188,9.35,lidar,5.0,9.356336158980605,0.006336158980606457
robot01,189,9.4,lidar,4.940873,9.405391763343657,0.00539176334365592
robot01,190,9.45,lidar,4.836988,9.45667462385743,0.006674623857430707
robot01,191,9.5,lidar,5.0,9.509917400068653,0.009917400068653597
robot01,192,9.55,lidar,4.789668,9.556172048180422,0.006172048180420071
robot01,193,9.6,lidar,4.939042,9.609742952834814,0.00974295283481421
robot01,194,9.65,lidar,5.0,9.65620743709691,0.006207437096909546
robot01,195,9.7,lidar,4.925291,9.709003946851741,0.009003946851741983
robot01,196,9.75,lidar,5.0,9.7588324810895,0.008832481089500983
robot01,197,9.8,lidar,5.0,9.805566249718026,0.005566249718025956
robot01,198,9.85,lidar,4.939483,9.855654029341698,0.005654029341698788
robot01,199,9.9,lidar,4.788563,9.909841671052854,0.009841671052854741
robot01,200,9.95,lidar,5.0,9.961465634858005,0.011465634858006127
robot01,201,10.0,lidar,5.0,10.006877277286897,0.006877277286896447
robot01,202,10.05,lidar,5.0,10.05529156240928,0.005291562409279961
robot01,203,10.1,lidar,4.719548,10.109531453659937,0.009531453659937407
robot01,204,10.15,lidar,4.614745,10.16039857262355,0.0103985726235486
robot01,205,10.2,lidar,4.37838,10.21339060989205,0.01339060989205022
robot01,206,10.25,lidar,4.326282,10.25670001169937,0.0067000116993712255
robot01,207,10.3,lidar,4.308988,10.306913394976288,0.00691339497628688
robot01,208,10.35,lidar,4.428144,10.357302895844313,0.0073028958443131856
robot01,209,10.4,lidar,4.145638,10.416344670906065,0.016344670906065662
robot01,210,10.45,lidar,4.365277,10.458965268261299,0.008965268261298981
robot01,211,10.5,lidar,4.529218,10.506835248368741,0.006835248368740536
robot01,212,10.55,lidar,4.406121,10.564272707105982,0.0142727071059814
robot01,213,10.6,lidar,4.575311,10.607836195344296,0.007836195344296682
robot01,214,10.65,lidar,5.0,10.655360735451758,0.005360735451757427
robot01,215,10.7,lidar,5.0,10.705554673178769,0.005554673178769661
robot01,216,10.75,lidar,4.909254,10.760590972994857,0.010590972994856635
robot01,217,10.8,lidar,4.990862,10.814390217810994,0.014390217810992156
robot01,218,10.85,lidar,4.896725,10.860341495991674,0.01034149599167489
robot01,219,10.9,lidar,5.0,10.910596191320453,0.01059619132045184
robot01,220,10.95,lidar,4.795199,10.956159835316546,0.006159835316546063
robot01,221,11.0,lidar,5.0,11.006332505758653,0.006332505758653291
robot01,222,11.05,lidar,5.0,11.05763509724792,0.007635097247919359
robot01,223,11.1,lidar,4.869126,11.111500848995684,0.01150084899568455
robot01,224,11.15,lidar,4.836118,11.179992544992663,0.02999254499266243
robot01,225,11.2,lidar,5.0,11.205848144602248,0.00584814460224832
robot01,226,11.25,lidar,5.0,11.255218283145155,0.0052182831451550666
robot01,227,11.3,lidar,5.0,11.310732161695574,0.010732161695572933
robot01,228,11.35,lidar,4.855064,11.357504357144226,0.007504357144226981
robot01,229,11.4,lidar,4.807622,11.405676228816812,0.005676228816811622
robot01,230,11.45,lidar,4.993252,11.458563347220881,0.008563347220882745
robot01,231,11.5,lidar,4.831546,11.50752395962661,0.007523959626609395
robot01,232,11.55,lidar,5.0,11.557613647592403,0.007613647592402375
robot01,233,11.6,lidar,4.976373,11.605631762871344,0.00563176287134455
robot01,234,11.65,lidar,5.0,11.655144792655342,0.005144792655342296
robot01,235,11.7,lidar,5.0,11.705664182109727,0.005664182109728308
robot01,236,11.75,lidar,5.0,11.757593436216629,0.007593436216628214
robot01,237,11.8,lidar,5.0,11.809177523591401,0.009177523591401502
robot01,238,11.85,lidar,4.8837,11.856342249791515,0.006342249791515224
robot01,239,11.9,lidar,4.865949,11.908744397743252,0.008744397743251323
robot01,240,11.95,lidar,4.975529,11.956363801078897,0.0063638010788974
robot01,241,12.0,lidar,,12.011177186846126,0.011177186846126962
robot01,242,12.05,lidar,4.995158,12.055632851634526,0.005632851634525695
robot01,243,12.1,lidar,5.0,12.113927241833037,0.01392724183303769
robot01,244,12.15,lidar,5.0,12.155079507705253,0.00507950770525247
robot01,245,12.2,lidar,4.965904,12.205388889225475,0.005388889225476226
robot01,246,12.25,lidar,1.936662,12.258176341702107,0.00817634170210763
robot01,247,12.3,lidar,1.951244,12.305293656892744,0.005293656892742926
robot01,248,12.35,lidar,1.750418,12.355329881733228,0.005329881733228002
robot01,250,12.45,lidar,1.549764,12.457726668837873,0.007726668837873253
robot01,252,12.55,lidar,1.569966,12.555583697624632,0.005583697624631936
robot01,253,12.6,lidar,1.592149,12.608165796830722,0.00816579683072169
robot01,254,12.65,lidar,,12.660995339795758,0.010995339795756339
robot01,255,12.7,lidar,1.241653,12.712316780747132,0.012316780747133084
robot01,256,12.75,lidar,1.369026,12.758900534544734,0.00890053454473441
robot01,257,12.8,lidar,1.344857,12.809966968288714,0.009966968288713757
robot01,258,12.85,lidar,1.280242,12.857024377404846,0.007024377404845627
robot01,259,12.9,lidar,1.30078,12.910886041168975,0.010886041168974951
robot01,260,12.95,lidar,1.300282,12.95691270048092,0.006912700480921705
robot01,262,13.05,lidar,1.348143,13.05503626643758,0.005036266437579558
robot01,263,13.1,lidar,1.42076,13.105446977645423,0.005446977645423552
robot01,264,13.15,lidar,1.318382,13.158127699569725,0.008127699569724919
robot01,265,13.2,lidar,1.354886,13.207864797236947,0.007864797236948468
robot01,266,13.25,lidar,1.269948,13.255428762878198,0.005428762878198189
robot01,267,13.3,lidar,1.457602,13.305640242532014,0.005640242532013297
robot01,268,13.35,lidar,1.379061,13.364454260691673,0.014454260691673541
robot01,269,13.4,lidar,5.0,13.408679020401124,0.008679020401123831
robot01,271,13.5,lidar,5.0,13.509498268951416,0.009498268951415595
robot01,272,13.55,lidar,5.0,13.557978223344644,0.00797822334464458
robot01,273,13.6,lidar,4.915201,13.614288339171376,0.014288339171376254
robot01,274,13.65,lidar,4.999729,13.655663496805966,0.005663496805964657
robot01,275,13.7,lidar,4.948095,13.708699753700097,0.008699753700098203
robot01,276,13.75,lidar,4.916908,13.757976195848869,0.007976195848868207
robot01,277,13.8,lidar,5.0,13.809406214816303,0.00940621481630103
robot01,278,13.85,lidar,4.900258,13.875228660828213,0.025228660828213404
robot01,279,13.9,lidar,5.0,13.913387874998346,0.013387874998346129
robot01,280,13.95,lidar,5.0,13.964014778248526,0.014014778248526184
robot01,281,14.0,lidar,5.0,14.009617469405054,0.009617469405054722
robot01,282,14.05,lidar,5.0,14.058657012629201,0.008657012629199516
robot01,283,14.1,lidar,5.0,14.108527032259845,0.008527032259844807
robot01,284,14.15,lidar,5.0,14.155242833237171,0.005242833237170251
robot01,285,14.2,lidar,4.913745,14.206625858177688,0.006625858177688054
robot01,286,14.25,lidar,5.0,14.26358362507608,0.013583625076080175
robot01,287,14.3,lidar,5.0,14.31415498461592,0.014154984615918652
robot01,288,14.35,lidar,5.0,14.360548991159995,0.010548991159994726
robot01,289,14.4,lidar,5.0,14.415116234122287,0.015116234122286468
robot01,290,14.45,lidar,4.954184,14.461597406666051,0.011597406666051791
robot01,292,14.55,lidar,5.0,14.558469985127587,0.008469985127585983
robot01,294,14.65,lidar,5.0,14.659647154210612,0.009647154210612104
robot01,295,14.7,lidar,,14.7077554714926,0.0077554714926010015
robot01,296,14.75,lidar,5.0,14.763729919173224,0.013729919173223675
robot01,298,14.85,lidar,4.859438,14.862912144243575,0.01291214424357456
robot01,299,14.9,lidar,5.0,14.910397196897462,0.01039719689746095
robot01,300,14.95,lidar,4.874455,14.957317241287749,0.00731724128774923
robot01,301,15.0,lidar,5.0,15.010986199422247,0.010986199422246705
robot01,302,15.05,lidar,5.0,15.055539874228842,0.005539874228840686
robot01,303,15.1,lidar,4.813757,15.106627768276125,0.0066277682761245295
robot01,304,15.15,lidar,4.959736,15.155623226836019,0.005623226836018572
robot01,305,15.2,lidar,4.887542,15.210089870795368,0.01008987079536944
robot01,306,15.25,lidar,,15.255971570076552,0.00597157007655189
robot01,307,15.3,lidar,4.965217,15.306579849406834,0.006579849406833496
robot01,308,15.35,lidar,5.0,15.357873509167062,0.007873509167062849
robot01,309,15.4,lidar,4.920827,15.40507159967686,0.0050715996768602644
robot01,310,15.45,lidar,4.817507,15.4566607346227,0.006660734622700761
robot01,311,15.5,lidar,4.938319,15.507145781420403,0.007145781420403955
robot01,312,15.55,lidar,5.0,15.560298564175858,0.010298564175857339
robot01,313,15.6,lidar,5.0,15.607998965934348,0.007998965934347613
robot01,314,15.65,lidar,5.0,15.655043342073519,0.005043342073517993
robot01,315,15.7,lidar,4.865657,15.714481371549686,0.014481371549686175
robot01,316,15.75,lidar,5.0,15.760856279683946,0.010856279683945088
robot01,317,15.8,lidar,4.950264,15.807885901449062,0.00788590144906101
robot01,318,15.85,lidar,5.0,15.862628143322171,0.012628143322170833
robot01,319,15.9,lidar,5.0,15.91377090751917,0.013770907519169845
robot01,320,15.95,lidar,5.0,15.96376563383616,0.013765633836161102
robot01,321,16.0,lidar,4.911182,16.005305065424086,0.005305065424085816
robot01,322,16.05,lidar,5.0,16.061718339844155,0.011718339844155577
robot01,323,16.1,lidar,5.0,16.105308648905478,0.005308648905477716
robot01,324,16.15,lidar,5.0,16.162083802901776,0.012083802901776134
robot01,325,16.2,lidar,4.896688,16.20603835433444,0.006038354334438736
robot01,326,16.25,lidar,5.0,16.257595383890866,0.0075953838908651445
robot01,327,16.3,lidar,4.919338,16.30710502861292,0.007105028612921017
robot01,328,16.35,lidar,5.0,16.36025607268343,0.010256072683430007
robot01,329,16.4,lidar,5.0,16.406692993896755,0.006692993896754475
robot01,330,16.45,lidar,4.926362,16.45830011104976,0.00830011104975824
robot01,331,16.5,lidar,4.729805,16.511019266340163,0.011019266340163904
robot01,332,16.55,lidar,4.916615,16.562392443378215,0.012392443378215788
robot01,333,16.6,lidar,5.0,16.609154398585552,0.009154398585551449
robot01,334,16.65,lidar,5.0,16.66040525881685,0.01040525881685166
robot01,335,16.7,lidar,,16.715874107775882,0.015874107775881986
robot01,336,16.75,lidar,4.942912,16.761909599007176,0.011909599007176927
robot01,338,16.85,lidar,5.0,16.855431387286796,0.005431387286794576
robot01,339,16.9,lidar,5.0,16.908542551846164,0.008542551846165602
robot01,340,16.95,lidar,5.0,16.959187579616955,0.00918757961695779
robot01,341,17.0,lidar,4.996941,17.018759380560486,0.018759380560486913
robot01,342,17.05,lidar,5.0,17.055608929780313,0.0056089297803114625
robot01,343,17.1,lidar,5.0,17.10548962262933,0.005489622629331647
robot01,344,17.15,lidar,5.0,17.15823456517792,0.00823456517792384
robot01,345,17.2,lidar,5.0,17.20791321831191,0.007913218311909467
robot01,346,17.25,lidar,4.939541,17.25972174024914,0.009721740249139906
robot01,347,17.3,lidar,5.0,17.305271554937825,0.005271554937824768
robot01,348,17.35,lidar,4.895244,17.359851025666305,0.009851025666303106
robot01,349,17.4,lidar,5.0,17.429610497201843,0.029610497201843205
robot01,350,17.45,lidar,5.0,17.455778557670065,0.005778557670067266
robot01,351,17.5,lidar,5.0,17.510458338045577,0.010458338045578563
robot01,352,17.55,lidar,5.0,17.55550027760102,0.005500277601017619
robot01,353,17.6,lidar,5.0,17.606406816863277,0.006406816863274392
robot01,354,17.65,lidar,5.0,17.66106211136553,0.011062111365532559
robot01,355,17.7,lidar,4.999412,17.705228104695326,0.005228104695326383
robot01,356,17.75,lidar,5.0,17.762337915359222,0.012337915359220313
robot01,357,17.8,lidar,4.927569,17.81185024334694,0.011850243346939633
robot01,358,17.85,lidar,5.0,17.85564413218294,0.005644132182940263
robot01,359,17.9,lidar,5.0,17.90720682935426,0.0072068293542615555
robot01,360,17.95,lidar,4.935754,17.975072965078798,0.025072965078798404
robot01,361,18.0,lidar,4.935848,18.00972464738333,0.009724647383328119
robot01,362,18.05,lidar,5.0,18.057827839484574,0.007827839484574788
robot01,363,18.1,lidar,5.0,18.105637811348924,0.0056378113489241165
robot01,364,18.15,lidar,4.945366,18.155660746653567,0.0056607466535673655
robot01,365,18.2,lidar,4.941099,18.215661686311257,0.015661686311258805
robot01,366,18.25,lidar,5.0,18.25660042655367,0.006600426553670886
robot01,367,18.3,lidar,5.0,18.309612578936694,0.009612578936693476
robot01,368,18.35,lidar,4.898404,18.35980171099405,0.009801710994048352
robot01,369,18.4,lidar,5.0,18.40597879544055,0.005978795440551506
robot01,370,18.45,lidar,4.993122,18.456476068269687,0.006476068269687335
robot01,371,18.5,lidar,5.0,18.508185800220673,0.00818580022067384
robot01,372,18.55,lidar,5.0,18.562390296847322,0.012390296847321697
robot01,373,18.6,lidar,4.931246,18.61192187113232,0.01192187113231795
robot01,374,18.65,lidar,4.920279,18.661103244192123,0.011103244192124849
robot01,375,18.7,lidar,4.873902,18.70527050988703,0.005270509887030451
robot01,376,18.75,lidar,5.0,18.755834024920077,0.005834024920076486
robot01,377,18.8,lidar,4.839641,18.80632323092005,0.006323230920047998
robot01,378,18.85,lidar,4.902057,18.85714166284323,0.007141662843226877
robot01,379,18.9,lidar,4.972105,18.906831121590624,0.0068311215906260115
robot01,380,18.95,lidar,4.906446,18.96887567263697,0.018875672636968547
robot01,381,19.0,lidar,5.0,19.009494603784724,0.009494603784722264
robot01,382,19.05,lidar,4.906541,19.057014763238506,0.0070147632385039824
robot01,383,19.1,lidar,4.89488,19.113750180101537,0.013750180101534695
robot01,384,19.15,lidar,5.0,19.155236188684274,0.00523618868427609
robot01,385,19.2,lidar,5.0,19.209391235481725,0.009391235481726446
robot01,386,19.25,lidar,4.995514,19.25595817366871,0.0059581736687089
robot01,387,19.3,lidar,5.0,19.305712248593842,0.005712248593840859
robot01,388,19.35,lidar,4.891371,19.363622473368704,0.01362247336870262
robot01,389,19.4,lidar,4.943386,19.405033864274156,0.005033864274157767
robot01,390,19.45,lidar,4.953096,19.457658224240088,0.007658224240089847
robot01,391,19.5,lidar,5.0,19.506387407287022,0.006387407287022834
robot01,392,19.55,lidar,4.961516,19.56169022826598,0.011690228265979145
robot01,393,19.6,lidar,4.964697,19.607866499040014,0.00786649904001354
robot01,394,19.65,lidar,4.86969,19.6587865489297,0.008786548929702051
robot01,395,19.7,lidar,4.991984,19.70524994690069,0.005249946900691641
robot01,396,19.75,lidar,4.889055,19.766905326982688,0.016905326982686014
robot01,397,19.8,lidar,5.0,19.80826032580987,0.00826032580986619
robot01,398,19.85,lidar,5.0,19.85650351174635,0.006503511746350436
robot01,399,19.9,lidar,5.0,19.905670161879293,0.005670161879295015
robot01,400,19.95,lidar,4.924875,19.95912885486114,0.009128854861142635
robot01,401,20.0,lidar,4.989162,20.005964095816665,0.005964095816666261
robot01,402,20.05,lidar,5.0,20.055349203896604,0.005349203896602357
robot01,403,20.1,lidar,4.848866,20.105759786394295,0.0057597863942930655
robot01,404,20.15,lidar,4.963464,20.156012842638102,0.006012842638104383
robot01,405,20.2,lidar,4.909306,20.217560607108087,0.017560607108087867
robot01,406,20.25,lidar,4.941778,20.259705630712084,0.009705630712084093
robot01,407,20.3,lidar,5.0,20.31640566912333,0.016405669123329112
robot01,408,20.35,lidar,5.0,20.36349075406192,0.013490754061918672
robot01,409,20.4,lidar,4.96828,20.41077791456231,0.010777914562312578
robot01,410,20.45,lidar,4.98194,20.45600892231706,0.006008922317062774
robot01,411,20.5,lidar,5.0,20.507781856151606,0.0077818561516047775
robot01,413,20.6,lidar,5.0,20.61851262254446,0.018512622544460563
robot01,414,20.65,lidar,5.0,20.655876913671374,0.005876913671376819
robot01,415,20.7,lidar,4.930424,20.706051803199266,0.006051803199264777
robot01,416,20.75,lidar,5.0,20.75574505732555,0.005745057325552567
robot01,417,20.8,lidar,5.0,20.808656332797266,0.008656332797266802
robot01,418,20.85,lidar,4.923905,20.8558124292827,0.005812429282698275
robot01,419,20.9,lidar,4.825629,20.905143629703414,0.005143629703416686
robot01,420,20.95,lidar,4.951257,20.96312874108567,0.013128741085670498
robot01,421,21.0,lidar,4.957874,21.00827878471529,0.008278784715290009
robot01,422,21.05,lidar,4.994812,21.06323636737883,0.013236367378828853
robot01,423,21.1,lidar,,21.106421594006907,0.006421594006903713
robot01,424,21.15,lidar,,21.166807439576477,0.01680743957647729
robot01,425,21.2,lidar,4.856257,21.20833380725325,0.008333807253251942
robot01,426,21.25,lidar,5.0,21.259029995503788,0.009029995503787323
robot01,427,21.3,lidar,4.913096,21.315592035938046,0.015592035938044806
robot01,428,21.35,lidar,4.831013,21.35950500533165,0.009505005331647208
robot01,429,21.4,lidar,5.0,21.41053588701359,0.010535887013592097
robot01,430,21.45,lidar,5.0,21.455465164024428,0.005465164024429917
robot01,431,21.5,lidar,5.0,21.506846971559924,0.006846971559924107
robot01,432,21.55,lidar,4.966553,21.557915179942974,0.007915179942974037
robot01,433,21.6,lidar,5.0,21.606803997535128,0.006803997535127295
robot01,434,21.65,lidar,5.0,21.661682374003863,0.011682374003865736
robot01,435,21.7,lidar,5.0,21.708246443240927,0.008246443240929166
robot01,436,21.75,lidar,4.933113,21.75931534591713,0.009315345917129167
robot01,437,21.8,lidar,4.996015,21.812029468467255,0.01202946846725396
robot01,438,21.85,lidar,5.0,21.868281073814803,0.018281073814802703
robot01,439,21.9,lidar,4.861254,21.911132637708228,0.011132637708230704
robot01,440,21.95,lidar,4.909143,21.9570505285168,0.007050528516798075
robot01,441,22.0,lidar,4.915727,22.009294107336952,0.0092941073369531
robot01,442,22.05,lidar,4.979239,22.062962134453564,0.012962134453564422
robot01,443,22.1,lidar,5.0,22.106466650039053,0.0064666500390497894
robot01,444,22.15,lidar,5.0,22.157377830742238,0.007377830742241029
robot01,445,22.2,lidar,4.987959,22.205000453222755,0.005000453222757445
robot01,446,22.25,lidar,5.0,22.259237535616187,0.009237535616186551
robot01,447,22.3,lidar,4.957202,22.309569585222835,0.009569585222834498
robot01,448,22.35,lidar,4.999562,22.355671820873575,0.005671820873571933
robot01,449,22.4,lidar,4.965929,22.407860229631563,0.007860229631566126
robot01,450,22.45,lidar,5.0,22.45645965557212,0.006459655572121827
robot01,451,22.5,lidar,4.90981,22.511704023184855,0.011704023184856065
robot01,452,22.55,lidar,5.0,22.560322192578088,0.010322192578087603
robot01,453,22.6,lidar,5.0,22.606273905303023,0.006273905303022484
robot01,454,22.65,lidar,5.0,22.655318479294206,0.005318479294206236
robot01,455,22.7,lidar,4.952512,22.707989611785575,0.007989611785576483
robot01,456,22.75,lidar,5.0,22.760071748155706,0.01007174815570603
robot01,457,22.8,lidar,4.92404,22.8191516067764,0.019151606776401115
robot01,458,22.85,lidar,5.0,22.85801468153613,0.008014681536129584
robot01,459,22.9,lidar,5.0,22.905025448530722,0.005025448530725204
robot01,460,22.95,lidar,4.885996,22.95620507862247,0.006205078622472863
robot01,461,23.0,lidar,4.925679,23.00864653415347,0.008646534153468995
robot01,462,23.05,lidar,5.0,23.05619896619707,0.006198966197069118
robot01,463,23.1,lidar,4.993576,23.105393308392177,0.005393308392174914
robot01,464,23.15,lidar,4.819506,23.160919143680893,0.01091914368089452
robot01,465,23.2,lidar,4.889604,23.2137658993767,0.013765899376699763
robot01,466,23.25,lidar,5.0,23.257621698886158,0.007621698886157929
robot01,467,23.3,lidar,5.0,23.316276663190937,0.0162766631909353
robot01,468,23.35,lidar,4.712827,23.35527583078296,0.005275830782959179
robot01,469,23.4,lidar,5.0,23.40584984608561,0.005849846085609161
robot01,470,23.45,lidar,4.891769,23.455571496113333,0.0055714961133318565
robot01,471,23.5,lidar,4.985664,23.52154689671158,0.021546896711578938
robot01,472,23.55,lidar,4.994,23.555280676710165,0.005280676710163274
robot01,473,23.6,lidar,5.0,23.610856901041643,0.010856901041640422
robot01,474,23.65,lidar,5.0,23.66178451876477,0.011784518764768985
robot01,475,23.7,lidar,4.939888,23.710894644243428,0.010894644243430202
robot01,476,23.75,lidar,4.934891,23.758628652900317,0.008628652900315746
robot01,477,23.8,lidar,4.998304,23.80556194585263,0.005561945852629144
robot01,478,23.85,lidar,5.0,23.858652048093248,0.00865204809324485
robot01,479,23.9,lidar,4.996104,23.90665060149396,0.006650601493963671
robot01,480,23.95,lidar,5.0,23.95709023991089,0.007090239910890172
robot01,481,24.0,lidar,5.0,24.013945744650716,0.013945744650715356
robot01,482,24.05,lidar,5.0,24.05805110146998,0.008051101469980965
robot01,483,24.1,lidar,5.0,24.109644649692378,0.009644649692376404
robot01,484,24.15,lidar,5.0,24.157315188863336,0.007315188863336306
robot01,485,24.2,lidar,5.0,24.205730141328807,0.005730141328807004
robot01,486,24.25,lidar,5.0,24.258532640094703,0.008532640094702733
robot01,487,24.3,lidar,4.909796,24.310211492182404,0.010211492182402634
robot01,488,24.35,lidar,5.0,24.35502060032995,0.005020600329948703
robot01,489,24.4,lidar,5.0,24.4054567751022,0.005456775102198929
robot01,490,24.45,lidar,5.0,24.469103419365478,0.01910341936547777
robot01,491,24.5,lidar,4.944622,24.50595621672291,0.005956216722909896
robot01,492,24.55,lidar,4.94537,24.559505004014586,0.009505004014583682
robot01,493,24.6,lidar,5.0,24.606135573511267,0.006135573511266992
robot01,494,24.65,lidar,4.956616,24.656280900057556,0.006280900057556816
robot01,495,24.7,lidar,5.0,24.706959492270055,0.006959492270056504
robot01,496,24.75,lidar,5.0,24.756323754819267,0.006323754819266488
robot01,497,24.8,lidar,4.949615,24.805412235866342,0.005412235866340922
robot01,498,24.85,lidar,5.0,24.85683298332113,0.006832983321129784
robot01,499,24.9,lidar,5.0,24.905552591809155,0.0055525918091576965
robot01,500,24.95,lidar,5.0,24.958308260683804,0.00830826068380481
robot01,501,25.0,lidar,5.0,25.008493510296653,0.008493510296653177
robot01,502,25.05,lidar,4.906559,25.057455561391073,0.007455561391074073
robot01,503,25.1,lidar,5.0,25.111307833303236,0.01130783330323636
robot01,504,25.15,lidar,4.936059,25.158317197080322,0.008317197080323253
robot01,505,25.2,lidar,4.975268,25.207728925932063,0.007728925932063877
robot01,506,25.25,lidar,4.804309,25.263220960246088,0.013220960246088109
robot01,507,25.3,lidar,4.607373,25.3118978093111,0.01189780931109825
robot01,508,25.35,lidar,4.742296,25.35632529261586,0.006325292615858756
robot01,509,25.4,lidar,4.833175,25.412453696517474,0.012453696517476284
robot01,510,25.45,lidar,4.946917,25.4580326963408,0.00803269634080366
robot01,511,25.5,lidar,4.900785,25.51695443844631,0.01695443844631039
robot01,512,25.55,lidar,5.0,25.55561966189677,0.005619661896770137
robot01,513,25.6,lidar,4.989735,25.607031803499844,0.007031803499842388
robot01,514,25.65,lidar,5.0,25.660116693727073,0.01011669372707476
robot01,515,25.7,lidar,4.876454,25.711948805988627,0.011948805988628231
robot01,516,25.75,lidar,4.868894,25.757114529344147,0.00711452934414809
robot01,517,25.8,lidar,4.999277,25.812308659163573,0.012308659163571187
robot01,519,25.9,lidar,4.783806,25.906719110381687,0.006719110381689625
robot01,520,25.95,lidar,4.933116,25.959868502569897,0.009868502569897138
robot01,521,26.0,lidar,5.0,26.011795064494898,0.011795064494898738
robot01,522,26.05,lidar,4.985656,26.056732306735917,0.006732306735915067
robot01,523,26.1,lidar,5.0,26.107787628935373,0.007787628935372142
robot01,524,26.15,lidar,4.822618,26.1566195453394,0.0066195453394018305
robot01,525,26.2,lidar,4.772104,26.218423358646987,0.018423358646989373
robot01,526,26.25,lidar,5.0,26.25907381578565,0.0090738157856516
robot01,527,26.3,lidar,4.9893,26.30679964701527,0.006799647015269042
robot01,528,26.35,lidar,4.458157,26.356971546816208,0.006971546816207361
robot01,529,26.4,lidar,4.0734,26.41117376964667,0.011173769646670838
robot01,530,26.45,lidar,4.083543,26.45798559849312,0.007985598493122185
robot01,531,26.5,lidar,4.108298,26.524549519524392,0.02454951952439212
robot01,532,26.55,lidar,3.97434,26.56008051376808,0.010080513768081277
robot01,533,26.6,lidar,3.800034,26.60594515758854,0.005945157588539537
robot01,535,26.7,lidar,4.219323,26.712019955206983,0.012019955206984723
robot01,536,26.75,lidar,5.0,26.75593517915389,0.005935179153891898
robot01,537,26.8,lidar,5.0,26.805929056842494,0.0059290568424942465
robot01,538,26.85,lidar,5.0,26.871702016216922,0.021702016216921794
robot01,539,26.9,lidar,4.893601,26.909084847321104,0.009084847321103737
robot01,540,26.95,lidar,5.0,26.95721343537552,0.007213435375524098
robot01,541,27.0,lidar,4.847424,27.006817150825462,0.006817150825460992
robot01,542,27.05,lidar,5.0,27.060770049982366,0.010770049982366782
robot01,543,27.1,lidar,4.924488,27.121234447517192,0.021234447517189683
robot01,544,27.15,lidar,5.0,27.15652182777656,0.006521827776563519
robot01,545,27.2,lidar,5.0,27.2085574626798,0.008557462679798752
robot01,546,27.25,lidar,5.0,27.26069226645977,0.010692266459769017
robot01,547,27.3,lidar,5.0,27.305646694122622,0.005646694122622047
robot01,548,27.35,lidar,5.0,27.358366317252983,0.008366317252982102
robot01,549,27.4,lidar,5.0,27.40693785219106,0.006937852191060256
robot01,550,27.45,lidar,4.980805,27.462077157278415,0.012077157278416257
robot01,551,27.5,lidar,4.996957,27.509480023979542,0.009480023979540182
robot01,552,27.55,lidar,5.0,27.558222718822872,0.008222718822870479
robot01,553,27.6,lidar,5.0,27.607228825630518,0.007228825630516885
robot01,554,27.65,lidar,4.982468,27.666227420137474,0.01622742013747588
robot01,555,27.7,lidar,5.0,27.709355350515807,0.009355350515807933
robot01,556,27.75,lidar,5.0,27.76114048579746,0.011140485797457435
robot01,557,27.8,lidar,4.976217,27.806198670112302,0.006198670112299936
robot01,558,27.85,lidar,4.994329,27.86036823113501,0.010368231135007209
robot01,559,27.9,lidar,5.0,27.905198256543283,0.005198256543283023
robot01,560,27.95,lidar,4.830795,27.95696629980626,0.006966299806261857
robot01,561,28.0,lidar,4.961815,28.005646000889758,0.005646000889759648
robot01,562,28.05,lidar,5.0,28.064642067560474,0.014642067560473222
robot01,563,28.1,lidar,4.798802,28.10772544416832,0.007725444168318377
robot01,564,28.15,lidar,5.0,28.15568019636956,0.005680196369559118
robot01,565,28.2,lidar,4.887227,28.20653547638194,0.0065354763819403415
robot01,566,28.25,lidar,5.0,28.259458203409764,0.00945820340976521
robot01,567,28.3,lidar,5.0,28.31057659919996,0.010576599199957135
robot01,568,28.35,lidar,5.0,28.358136420708163,0.00813642070816186
robot01,569,28.4,lidar,4.96271,28.421495554630308,0.021495554630311074
robot01,570,28.45,lidar,4.959,28.461781374140205,0.011781374140206032
robot01,572,28.55,lidar,5.0,28.555614405552575,0.005614405552572656
robot01,573,28.6,lidar,5.0,28.617758504830277,0.0177585048302753
robot01,574,28.65,lidar,4.889333,28.659584622487674,0.009584622487676574
robot01,575,28.7,lidar,5.0,28.705099113219976,0.005099113219977126
robot01,576,28.75,lidar,5.0,28.755706177611106,0.005706177611107858
robot01,577,28.8,lidar,5.0,28.816658057474466,0.016658057474464676
robot01,578,28.85,lidar,4.824533,28.856598552443156,0.006598552443153131
robot01,579,28.9,lidar,4.826905,28.906313735617445,0.006313735617445948
robot01,580,28.95,lidar,5.0,28.955337754784303,0.005337754784304722
robot01,583,29.1,lidar,5.0,29.10684503057917,0.006845030579167882
robot01,584,29.15,lidar,4.916455,29.15535815909177,0.005358159091770298
robot01,585,29.2,lidar,5.0,29.213459937981938,0.013459937981937467
robot01,586,29.25,lidar,4.920136,29.255800252191396,0.005800252191396097
robot01,587,29.3,lidar,5.0,29.31382339681063,0.013823396810630766
robot01,588,29.35,lidar,4.953478,29.356428037294968,0.006428037294966979
robot01,589,29.4,lidar,4.93205,29.41028870828144,0.010288708281438477
robot01,590,29.45,lidar,5.0,29.460568899325327,0.01056889932532989
robot01,591,29.5,lidar,,29.505199284608555,0.005199284608554328
robot01,592,29.55,lidar,4.975103,29.55960253917033,0.009602539170332283
robot01,593,29.6,lidar,4.884733,29.608053844564992,0.00805384456499142
robot01,594,29.65,lidar,4.879478,29.65860195545812,0.008601955458121738
robot01,595,29.7,lidar,5.0,29.706409287001637,0.006409287001639591
robot01,596,29.75,lidar,5.0,29.75579594947897,0.0057959494789676606
robot01,597,29.8,lidar,4.835102,29.805259725116304,0.005259725116305121
robot01,598,29.85,lidar,4.964683,29.860734463177245,0.010734463177244743
robot01,599,29.9,lidar,5.0,29.905746935625842,0.005746935625842825
robot01,600,29.95,lidar,4.965178,29.961037348118428,0.011037348118427118
robot01,601,30.0,lidar,5.0,30.00738406199092,0.007384061990918318
robot01,602,30.05,lidar,5.0,30.061202029663814,0.0112020296638142
robot01,603,30.1,lidar,5.0,30.118535055124717,0.018535055124716645
robot01,604,30.15,lidar,5.0,30.159773371531774,0.009773371531776482
robot01,605,30.2,lidar,4.953366,30.212835982731377,0.012835982731379276
robot01,606,30.25,lidar,4.990479,30.25794341413102,0.007943414131019363
robot01,607,30.3,lidar,5.0,30.307714942285283,0.007714942285284109
robot01,608,30.35,lidar,4.913924,30.358555045842717,0.008555045842714121
robot01,609,30.4,lidar,4.946833,30.406441970268826,0.006441970268826978
robot01,610,30.45,lidar,5.0,30.45517512183974,0.005175121839740067
robot01,611,30.5,lidar,4.932708,30.507782069712952,0.007782069712953293
robot01,612,30.55,lidar,4.994349,30.555438843712366,0.0054388437123673306
robot01,613,30.6,lidar,4.886292,30.612038408389406,0.012038408389405715
robot01,614,30.65,lidar,4.935252,30.67566703995407,0.025667039954071734
robot01,615,30.7,lidar,4.991614,30.716322788468688,0.01632278846868859
robot01,616,30.75,lidar,4.90219,30.755448649475458,0.005448649475456139
robot01,617,30.8,lidar,4.965833,30.805195497695863,0.005195497695861733
robot01,618,30.85,lidar,4.880279,30.867635495512303,0.01763549551230347
robot01,619,30.9,lidar,4.928533,30.90797981364851,0.007979813648510432
robot01,620,30.95,lidar,4.980949,30.976355185811475,0.02635518581147629
robot01,621,31.0,lidar,4.901936,31.00549675129706,0.0054967512970606185
robot01,622,31.05,lidar,5.0,31.055982005544394,0.005982005544394413
robot01,623,31.1,lidar,5.0,31.124426252688604,0.02442625268860228
robot01,624,31.15,lidar,5.0,31.157161722624178,0.007161722624179939
robot01,625,31.2,lidar,5.0,31.2136618088655,0.013661808865500127
robot01,626,31.25,lidar,5.0,31.255041231859035,0.005041231859037088
robot01,627,31.3,lidar,4.993133,31.30525157199604,0.005251571996035877
robot01,628,31.35,lidar,5.0,31.35776817023695,0.007768170236950391
robot01,629,31.4,lidar,4.957295,31.412357795248752,0.012357795248753047
robot01,630,31.45,lidar,5.0,31.466044116746833,0.016044116746833655
robot01,631,31.5,lidar,4.918029,31.505113327518107,0.005113327518107228
robot01,632,31.55,lidar,5.0,31.562161007624873,0.01216100762487114
robot01,633,31.6,lidar,4.994202,31.60711516873932,0.007115168739316748
robot01,634,31.65,lidar,5.0,31.663085561182776,0.01308556118277605
robot01,635,31.7,lidar,5.0,31.707258564962803,0.007258564962805556
robot01,636,31.75,lidar,5.0,31.755922007951156,0.005922007951156288
robot01,637,31.8,lidar,5.0,31.805487744729845,0.005487744729843738
robot01,638,31.85,lidar,4.996589,31.864280612734937,0.014280612734937616
robot01,641,32.0,lidar,5.0,32.006434046535425,0.006434046535422511
robot01,642,32.05,lidar,5.0,32.06378314430618,0.013783144306184575
robot01,643,32.1,lidar,5.0,32.10762050872148,0.00762050872147691
robot01,644,32.15,lidar,5.0,32.15785275182717,0.00785275182717234
robot01,646,32.25,lidar,5.0,32.2563064719807,0.006306471980701616
robot01,647,32.3,lidar,4.977847,32.30514104015703,0.005141040157034245
robot01,648,32.35,lidar,4.965839,32.35640471882404,0.006404718824036521
robot01,649,32.4,lidar,4.984483,32.41073025950201,0.010730259502013085
robot01,650,32.45,lidar,5.0,32.46177033853211,0.011770338532109667
robot01,651,32.5,lidar,4.854454,32.505610361327214,0.0056103613272159465
robot01,652,32.55,lidar,5.0,32.55594846242065,0.005948462420655129
robot01,653,32.6,lidar,4.953468,32.60525019326026,0.005250193260257304
robot01,654,32.65,lidar,4.953214,32.66079755278915,0.0107975527891532
robot01,655,32.7,lidar,5.0,32.70665060244561,0.006650602445606791
robot01,656,32.75,lidar,5.0,32.757394854955564,0.007394854955563341
robot01,657,32.8,lidar,5.0,32.806482361806566,0.006482361806566267
robot01,658,32.85,lidar,5.0,32.85892141104276,0.008921411042758544
robot01,659,32.9,lidar,4.910205,32.92537130808154,0.025371308081535603
robot01,660,32.95,lidar,5.0,32.95618801687838,0.006188016878378335
robot01,661,33.0,lidar,4.949154,33.006192676903495,0.006192676903495347
robot01,662,33.05,lidar,4.86618,33.06392258099257,0.013922580992569829
robot01,663,33.1,lidar,4.982359,33.105079354574265,0.005079354574262047
robot01,664,33.15,lidar,4.984565,33.160736390800245,0.01073639080024464
robot01,665,33.2,lidar,4.975802,33.20869726942444,0.008697269424441139
robot01,666,33.25,lidar,5.0,33.25594524754329,0.005945247543288444
robot01,667,33.3,lidar,5.0,33.30567016876903,0.005670168769032859
robot01,668,33.35,lidar,5.0,33.355858143461795,0.005858143461791077
robot01,669,33.4,lidar,4.925598,33.41701924562352,0.01701924562352516
robot01,670,33.45,lidar,4.775908,33.45624708548149,0.006247085481493627
robot01,671,33.5,lidar,5.0,33.516002947513556,0.016002947513555982
robot01,673,33.6,lidar,4.961675,33.606613845800965,0.006613845800960002
robot01,674,33.65,lidar,4.877276,33.65744914332071,0.007449143320714531
robot01,675,33.7,lidar,5.0,33.70518683207484,0.0051868320748315
robot01,676,33.75,lidar,4.844903,33.758122607426316,0.008122607426318276
robot01,677,33.8,lidar,5.0,33.80917217834316,0.009172178343162397
robot01,678,33.85,lidar,4.967199,33.85535210874497,0.005352108744965032
robot01,679,33.9,lidar,4.984212,33.90697294969003,0.006972949690028641
robot01,680,33.95,lidar,4.956157,33.96971808717073,0.019718087170730623
robot01,681,34.0,lidar,5.0,34.014215957295,0.01421595729500023
robot01,682,34.05,lidar,4.971013,34.0631069834987,0.013106983498702679
robot01,683,34.1,lidar,4.952835,34.10630934306279,0.0063093430627859624
robot01,684,34.15,lidar,5.0,34.163121348189854,0.013121348189856955
robot01,685,34.2,lidar,5.0,34.20618875616665,0.0061887561666425575
robot01,686,34.25,lidar,5.0,34.25555098459842,0.005550984598420594
robot01,687,34.3,lidar,5.0,34.307929737704356,0.007929737704361848
robot01,688,34.35,lidar,4.968371,34.36035907729951,0.010359077299511233
robot01,689,34.4,lidar,5.0,34.41207351079388,0.012073510793885824
robot01,690,34.45,lidar,4.961284,34.45686373748869,0.0068637374886879095
robot01,691,34.5,lidar,4.958798,34.50981401752765,0.00981401752765156
robot01,692,34.55,lidar,5.0,34.55594613764564,0.005946137645647463
robot01,693,34.6,lidar,5.0,34.61167218793119,0.011672187931192572
robot01,695,34.7,lidar,4.883052,34.7071433032031,0.0071433032030926305
robot01,697,34.8,lidar,5.0,34.80634662911047,0.0063466291104761026
robot01,698,34.85,lidar,5.0,34.85792261205014,0.007922612050136177
robot01,699,34.9,lidar,4.969594,34.90793459665377,0.00793459665376682
robot01,700,34.95,lidar,4.876308,34.959508422580974,0.009508422580969173
robot01,701,35.0,lidar,,35.02238415167365,0.022384151673645866
robot01,702,35.05,lidar,4.997638,35.05661450503642,0.006614505036424952
robot01,703,35.1,lidar,4.982482,35.10585546937251,0.00585546937250333
robot01,704,35.15,lidar,4.899677,35.15877870416168,0.008778704161685046
robot01,705,35.2,lidar,4.957287,35.20815843009726,0.008158430097251135
robot01,708,35.35,lidar,4.97827,35.358084827057446,0.008084827057442899
robot01,709,35.4,lidar,4.965892,35.406118588650315,0.006118588650319693
robot01,710,35.45,lidar,4.914265,35.4558986500449,0.005898650044899958
robot01,711,35.5,lidar,5.0,35.507192577827595,0.00719257782759547
robot01,712,35.55,lidar,4.967724,35.55594158683219,0.0059415868321908505
robot01,713,35.6,lidar,,35.60523178859825,0.005231788598253801
robot01,714,35.65,lidar,5.0,35.65802917110341,0.00802917110340867
robot01,715,35.7,lidar,4.984064,35.71047071516543,0.010470715165421795
robot01,716,35.75,lidar,4.978761,35.763342598385435,0.013342598385434588
robot01,717,35.8,lidar,5.0,35.81626889746707,0.016268897467072264
robot01,718,35.85,lidar,5.0,35.855181424733225,0.0051814247332237495
robot01,719,35.9,lidar,5.0,35.90848159964028,0.008481599640283822
robot01,720,35.95,lidar,5.0,35.95978544170334,0.009785441703337186
robot01,721,36.0,lidar,4.992995,36.00586220089305,0.0058622008930485124
robot01,722,36.05,lidar,5.0,36.05577409662504,0.005774096625045626
robot01,723,36.1,lidar,5.0,36.10828939649371,0.008289396493710563
robot01,724,36.15,lidar,4.817243,36.158004956251,0.008004956250996875
robot01,725,36.2,lidar,5.0,36.20741990814039,0.00741990814038603
robot01,726,36.25,lidar,4.943849,36.25772026893689,0.007720268936893851
robot01,727,36.3,lidar,4.912622,36.30663111839779,0.0066311183977930295
robot01,728,36.35,lidar,4.971718,36.35578501383797,0.005785013837973492
robot01,729,36.4,lidar,4.732696,36.418271128446044,0.01827112844604401
robot01,730,36.45,lidar,4.965468,36.4560354638916,0.00603546389159733
robot01,731,36.5,lidar,4.920195,36.50625801006439,0.006258010064390385
robot01,732,36.55,lidar,4.820262,36.55556877615745,0.005568776157452663
robot01,733,36.6,lidar,4.996273,36.605600725319675,0.0056007253196754345
robot01,734,36.65,lidar,4.884393,36.65557139781538,0.0055713978153836205
robot01,735,36.7,lidar,5.0,36.7075320328718,0.007532032871797243
robot01,736,36.75,lidar,4.978701,36.75700879038251,0.0070087903825088674
robot01,737,36.8,lidar,4.824793,36.80607372768728,0.006073727687279547
robot01,738,36.85,lidar,4.818863,36.86596986015627,0.015969860156265177
robot01,739,36.9,lidar,5.0,36.907101800843726,0.0071018008437279
robot01,740,36.95,lidar,5.0,36.9560102882489,0.006010288248892944
robot01,741,37.0,lidar,4.956347,37.00923404227379,0.00923404227378839
robot01,742,37.05,lidar,4.965794,37.05798410066044,0.007984100660442247
robot01,743,37.1,lidar,5.0,37.108885234618356,0.008885234618352158
robot01,744,37.15,lidar,,37.164063031180476,0.014063031180476901
robot01,745,37.2,lidar,4.976221,37.20989721219436,0.009897212194360953
robot01,746,37.25,lidar,5.0,37.2587893606132,0.008789360613202474
robot01,747,37.3,lidar,5.0,37.305124630259364,0.005124630259366631
robot01,748,37.35,lidar,5.0,37.35707128497729,0.007071284977285808
robot01,749,37.4,lidar,4.89646,37.411332516785905,0.01133251678590667
robot01,751,37.5,lidar,4.936437,37.5113997792958,0.011399779295803786
robot01,752,37.55,lidar,5.0,37.566939925505224,0.016939925505225474
robot01,753,37.6,lidar,5.0,37.60810228366076,0.00810228366075901
robot01,754,37.65,lidar,4.897796,37.65508662667841,0.005086626678416052
robot01,755,37.7,lidar,5.0,37.707536464647355,0.0075364646473489675
robot01,756,37.75,lidar,,37.75709345511945,0.007093455119451387
robot01,757,37.8,lidar,5.0,37.81111134832832,0.011111348328320215
robot01,758,37.85,lidar,4.992403,37.85561946980568,0.005619469805682539
robot01,759,37.9,lidar,5.0,37.90864962963642,0.008649629636425873
robot01,760,37.95,lidar,4.874063,37.95977874747921,0.00977874747920741
robot01,761,38.0,lidar,,38.0099988224382,0.00999882243819967
robot01,762,38.05,lidar,4.805389,38.05676338605544,0.0067633860554389596
robot01,763,38.1,lidar,5.0,38.1161032720492,0.01610327204919748
robot01,764,38.15,lidar,5.0,38.15583769912294,0.005837699122944528
robot01,765,38.2,lidar,5.0,38.206393109122594,0.006393109122591437
robot01,766,38.25,lidar,4.909799,38.25900063452007,0.009000634520071082
robot01,767,38.3,lidar,4.909907,38.3102489261013,0.010248926101303676
robot01,768,38.35,lidar,5.0,38.355550827624,0.005550827624001056
robot01,769,38.4,lidar,5.0,38.409367143210694,0.009367143210698372
robot01,770,38.45,lidar,4.92615,38.456703542136914,0.006703542136913831
robot01,771,38.5,lidar,4.976037,38.5068905591828,0.006890559182799752
robot01,773,38.6,lidar,5.0,38.609041132965736,0.009041132965736741
robot01,774,38.65,lidar,4.985702,38.66184488993521,0.01184488993521362
robot01,775,38.7,lidar,5.0,38.70509846606423,0.005098466064225789
robot01,776,38.75,lidar,4.86219,38.76439077405672,0.01439077405672158
robot01,777,38.8,lidar,4.782899,38.8062085974388,0.006208597438800701
robot01,779,38.9,lidar,5.0,38.90545473309482,0.0054547330948244025
robot01,780,38.95,lidar,5.0,38.958239433165964,0.008239433165963931
robot01,781,39.0,lidar,5.0,39.00730658520857,0.007306585208568608
robot01,782,39.05,lidar,4.98178,39.062186435712654,0.012186435712656088
robot01,783,39.1,lidar,4.925128,39.106071942212154,0.0060719422121550265
robot01,784,39.15,lidar,5.0,39.161886158445924,0.011886158445922654
robot01,786,39.25,lidar,4.761001,39.26011475384175,0.010114753841747075
robot01,787,39.3,lidar,4.981687,39.30782400333158,0.007824003331582091
robot01,788,39.35,lidar,5.0,39.36460667786672,0.014606677866715722
robot01,789,39.4,lidar,4.971536,39.41142603703725,0.011426037037253752
robot01,790,39.45,lidar,4.925033,39.45694176349964,0.006941763499642671
robot01,791,39.5,lidar,4.945987,39.50712834981542,0.007128349815414206
robot01,792,39.55,lidar,5.0,39.55583699851703,0.005836998517035577
robot01,793,39.6,lidar,5.0,39.60633658658047,0.006336586580468156
robot01,794,39.65,lidar,4.943312,39.66245970343457,0.012459703434571172
robot01,795,39.7,lidar,5.0,39.70575110893927,0.005751108939262256
robot01,796,39.75,lidar,4.840323,39.756696923424094,0.006696923424095256
robot01,797,39.8,lidar,4.922212,39.80700338948314,0.007003389483142025
robot01,798,39.85,lidar,4.957686,39.857141231447265,0.007141231447261865
robot01,799,39.9,lidar,5.0,39.90684555414204,0.006845554142036692
robot01,800,39.95,lidar,4.980195,39.95660745803667,0.006607458036669192
