variant,sensor,freq_hz,noise_pct,loss_pct,sent,received,loss_actual_pct,sensor_rmse,recon_rmse,max_gap_s,aoi_mean_s
1,Encoder,5,0.5,0,200,200,0.0,0.00525,0.02277,0.2,0.095
2,IMU,5,1.0,0,200,200,0.0,0.02244,0.05556,0.2,0.095
3,Encoder+IMU,5,1.5,0,400,400,0.0,0.01433,0.02656,0.2,0.095
4,LiDAR,5,2.0,0,200,200,0.0,0.07512,0.22407,0.2,0.095
5,Encoder+LiDAR,5,2.5,0,400,400,0.0,0.02471,0.03187,0.2,0.095
6,Encoder,10,0.5,2,400,393,1.75,0.00511,0.01577,0.2,0.0468
7,IMU,10,1.0,2,400,393,1.75,0.02341,0.04091,0.2,0.0468
8,Encoder+IMU,10,1.5,2,800,784,2.0,0.01424,0.02023,0.2,0.0478
9,LiDAR,10,2.0,2,400,392,2.0,0.07589,0.14834,0.2,0.047
10,Encoder+LiDAR,10,2.5,2,800,786,1.75,0.02574,0.02896,0.2,0.0458
11,Encoder,20,0.5,5,800,763,4.625,0.00493,0.01112,0.15,0.0224
12,IMU,20,1.0,5,800,747,6.625,0.02371,0.03226,0.15,0.0234
13,Encoder+IMU,20,1.5,5,1600,1527,4.562,0.0147,0.01766,0.15,0.0227
14,LiDAR,20,2.0,5,800,763,4.625,0.07052,0.10992,0.15,0.0225
15,Encoder+LiDAR,20,2.5,5,1600,1521,4.938,0.02452,0.02665,0.15,0.0229
16,Encoder,25,0.5,8,1000,905,9.5,0.00495,0.00977,0.12,0.0191
17,IMU,25,1.0,8,1000,925,7.5,0.02657,0.03958,0.12,0.0181
18,Encoder+IMU,25,1.5,8,2000,1862,6.9,0.01507,0.0173,0.12,0.0179
19,LiDAR,25,2.0,8,1000,908,9.2,0.07046,0.14998,0.12,0.019
20,Encoder+LiDAR,25,2.5,8,2000,1837,8.15,0.02555,0.027,0.16,0.0186
21,Encoder,50,0.5,10,2000,1763,11.85,0.00494,0.00745,0.08,0.0077
22,IMU,50,1.0,10,2000,1817,9.15,0.02406,0.0263,0.08,0.007
23,Encoder+IMU,50,1.5,10,4000,3604,9.9,0.01478,0.01527,0.06,0.0074
24,LiDAR,50,2.0,10,2000,1825,8.75,0.07152,0.0808,0.1,0.007
25,Encoder+LiDAR,50,2.5,10,4000,3589,10.275,0.02424,0.02584,0.08,0.0073
